,antecedents,consequents,antecedent support,consequent support,support,confidence,lift,representativity,leverage,conviction,zhangs_metric,jaccard,certainty,kulczynski
66,frozenset({15669760}),frozenset({15669821}),0.11946050096339114,0.09171483622350675,0.036608863198458574,0.3064516129032258,3.341352670100298,1.0,0.025652562917423086,1.3096204687009902,0.7957848669814579,0.20971302428256067,0.23641999808395037,0.352805638384386
67,frozenset({15669821}),frozenset({15669760}),0.09171483622350675,0.11946050096339114,0.036608863198458574,0.3991596638655462,3.3413526701002976,1.0,0.025652562917423086,1.4655132921028873,0.7714757832213116,0.20971302428256067,0.3176452200136071,0.352805638384386
70,frozenset({15669777}),frozenset({15669869}),0.11136801541425818,0.12678227360308286,0.036608863198458574,0.32871972318339104,2.5927893059601814,1.0,0.022489372997575745,1.3008243449933459,0.6913041493586525,0.18164435946462715,0.23125669976209165,0.30873676128774413
71,frozenset({15669869}),frozenset({15669777}),0.12678227360308286,0.11136801541425818,0.036608863198458574,0.2887537993920972,2.592789305960181,1.0,0.022489372997575745,1.2494013800372181,0.703507223486784,0.18164435946462715,0.19961669966283277,0.30873676128774413
41,frozenset({15668460}),frozenset({15668458}),0.18458574181117535,0.07784200385356455,0.035452793834296725,0.19206680584551147,2.4673928770747637,1.0,0.021084269808918144,1.1413790184861565,0.7293396071340511,0.1561969439728353,0.12386684545303062,0.32375617519998345
40,frozenset({15668458}),frozenset({15668460}),0.07784200385356455,0.18458574181117535,0.035452793834296725,0.45544554455445546,2.4673928770747637,1.0,0.021084269808918144,1.497397092310387,0.6449154236087138,0.1561969439728353,0.33217447453630056,0.32375617519998345
5,frozenset({15668467}),frozenset({15668378}),0.13448940269749518,0.13641618497109825,0.03815028901734104,0.28366762177650434,2.0794279053955615,1.0,0.01980375778230702,1.205563005780347,0.5997598424134489,0.16390728476821195,0.17051203860331496,0.28166431936282843
4,frozenset({15668378}),frozenset({15668467}),0.13641618497109825,0.13448940269749518,0.03815028901734104,0.2796610169491526,2.0794279053955615,1.0,0.01980375778230702,1.2015323586081832,0.601097994672292,0.16390728476821195,0.1677294474546086,0.28166431936282843
53,frozenset({15668462}),frozenset({15668467}),0.1252408477842004,0.13448940269749518,0.03468208092485549,0.2769230769230769,2.059069869958122,1.0,0.017838514113030467,1.1969827409502725,0.5879833578071464,0.15410958904109587,0.16456606616891564,0.26740136654176766
52,frozenset({15668467}),frozenset({15668462}),0.13448940269749518,0.1252408477842004,0.03468208092485549,0.25787965616045844,2.059069869958122,1.0,0.017838514113030467,1.1787295139896294,0.5942663500544177,0.15410958904109587,0.1516289461393787,0.26740136654176766
58,frozenset({15668688}),frozenset({15668465}),0.1857418111753372,0.12947976878612716,0.047784200385356454,0.2572614107883817,1.9868850029638412,1.0,0.023734393620457303,1.1720412051538736,0.6100025953009784,0.1786743515850144,0.1467876764036523,0.3131545149180004
59,frozenset({15668465}),frozenset({15668688}),0.12947976878612716,0.1857418111753372,0.047784200385356454,0.36904761904761907,1.9868850029638412,1.0,0.023734393620457303,1.2905224124768242,0.5705779034400034,0.1786743515850144,0.22512000540869448,0.3131545149180004
37,frozenset({15668381}),frozenset({15668685}),0.20423892100192678,0.07784200385356455,0.03121387283236994,0.15283018867924528,1.9633383149635717,1.0,0.015315505956690092,1.0885161201728526,0.6165964188563058,0.12442396313364056,0.08131815278840013,0.27691014384457313
36,frozenset({15668685}),frozenset({15668381}),0.07784200385356455,0.20423892100192678,0.03121387283236994,0.40099009900990096,1.9633383149635717,1.0,0.015315505956690092,1.3284606442777749,0.5320817404673095,0.12442396313364056,0.24724905904634042,0.27691014384457313
60,frozenset({15668688}),frozenset({15668467}),0.1857418111753372,0.13448940269749518,0.047013487475915224,0.25311203319502074,1.882022137940054,1.0,0.02203318223499319,1.1588225219439092,0.5755626760180925,0.17207334273624825,0.1370550873290645,0.3013411168840433
61,frozenset({15668467}),frozenset({15668688}),0.13448940269749518,0.1857418111753372,0.047013487475915224,0.3495702005730659,1.882022137940054,1.0,0.02203318223499319,1.2518771273119265,0.5414799351853203,0.17207334273624825,0.20119956009801518,0.3013411168840433
42,frozenset({15668460}),frozenset({15668462}),0.18458574181117535,0.1252408477842004,0.04315992292870906,0.23382045929018788,1.8669664364862693,1.0,0.02004224813540193,1.1417156237366977,0.5694917971914664,0.16184971098265896,0.12412515059825444,0.2892179219527862
43,frozenset({15668462}),frozenset({15668460}),0.1252408477842004,0.18458574181117535,0.04315992292870906,0.3446153846153846,1.8669664364862693,1.0,0.02004224813540193,1.2441766850298965,0.5308566708621775,0.16184971098265896,0.19625563472444377,0.2892179219527862
19,frozenset({15668468}),frozenset({15668379}),0.12639691714836224,0.18458574181117535,0.04315992292870906,0.34146341463414637,1.8498905239574317,1.0,0.019828854214232944,1.238221651323771,0.5258995525868044,0.16115107913669066,0.1923901516897967,0.2876419369621671
18,frozenset({15668379}),frozenset({15668468}),0.18458574181117535,0.12639691714836224,0.04315992292870906,0.23382045929018788,1.8498905239574315,1.0,0.019828854214232944,1.1402067484630367,0.5634283013772617,0.16115107913669066,0.12296607492635092,0.2876419369621671
56,frozenset({15668465}),frozenset({15668478}),0.12947976878612716,0.14258188824662812,0.03391136801541426,0.2619047619047619,1.836872586872587,1.0,0.015449898092151425,1.1616632481819877,0.5233611010503441,0.14239482200647247,0.13916532905296952,0.24987129987129988
57,frozenset({15668478}),frozenset({15668465}),0.14258188824662812,0.12947976878612716,0.03391136801541426,0.23783783783783785,1.836872586872587,1.0,0.015449898092151425,1.1421719345713934,0.5313585291113381,0.14239482200647247,0.12447507268224402,0.24987129987129988
55,frozenset({15668467}),frozenset({15668465}),0.13448940269749518,0.12947976878612716,0.03159922928709056,0.2349570200573066,1.8146234138354485,1.0,0.014185572521634538,1.1378710138338637,0.5186781921247531,0.1359867330016584,0.12116576673249695,0.23950231955246282
54,frozenset({15668465}),frozenset({15668467}),0.12947976878612716,0.13448940269749518,0.03159922928709056,0.24404761904761907,1.8146234138354485,1.0,0.014185572521634538,1.1449274043056756,0.51569332426392,0.1359867330016584,0.1265821778399695,0.23950231955246282
25,frozenset({15668381}),frozenset({15668460}),0.20423892100192678,0.18458574181117535,0.06820809248554913,0.3339622641509434,1.8092527671642964,1.0,0.03050849974569443,1.224276364986054,0.562085333989959,0.2127403846153846,0.18319096194314652,0.3517410485681648
24,frozenset({15668460}),frozenset({15668381}),0.18458574181117535,0.20423892100192678,0.06820809248554913,0.36951983298538615,1.8092527671642964,1.0,0.03050849974569443,1.2621508504638312,0.5485379086433201,0.2127403846153846,0.20770167873950462,0.3517410485681648
74,frozenset({15669860}),frozenset({15669878}),0.10751445086705202,0.17148362235067438,0.03198458574181118,0.29749103942652333,1.7348072973299506,1.0,0.013547618252085492,1.1793677008375605,0.4745926712029465,0.1294851794071763,0.1520880220055014,0.2420039466795538
75,frozenset({15669878}),frozenset({15669860}),0.17148362235067438,0.10751445086705202,0.03198458574181118,0.18651685393258427,1.7348072973299504,1.0,0.013547618252085492,1.0971162137131543,0.5112356402353601,0.1294851794071763,0.08851953193223497,0.2420039466795538
65,frozenset({15668478}),frozenset({15668688}),0.14258188824662812,0.1857418111753372,0.045472061657032756,0.31891891891891894,1.717001233598744,1.0,0.018988643493304525,1.1955378169251003,0.4870310417063416,0.16076294277929157,0.16355636279914557,0.2818660984636088
64,frozenset({15668688}),frozenset({15668478}),0.1857418111753372,0.14258188824662812,0.045472061657032756,0.24481327800829875,1.717001233598744,1.0,0.018988643493304525,1.1353723347943,0.512846222336304,0.16076294277929157,0.11923166581192596,0.2818660984636088
2,frozenset({15668378}),frozenset({15668460}),0.13641618497109825,0.18458574181117535,0.04277456647398844,0.31355932203389836,1.6987190828350025,1.0,0.017594083776047757,1.1878874378553248,0.47629557268111483,0.15373961218836565,0.1581693954054661,0.2726460493259262
3,frozenset({15668460}),frozenset({15668378}),0.18458574181117535,0.13641618497109825,0.04277456647398844,0.23173277661795405,1.6987190828350023,1.0,0.017594083776047757,1.124066976627293,0.5044321258877025,0.15373961218836565,0.11037329554823329,0.2726460493259262
47,frozenset({15668460}),frozenset({15668467}),0.18458574181117535,0.13448940269749518,0.04084778420038536,0.22129436325678498,1.6454408958491604,1.0,0.016022958037726326,1.1114733943911523,0.48105628276919793,0.14681440443213298,0.10029335380737178,0.2625096458117736
46,frozenset({15668467}),frozenset({15668460}),0.13448940269749518,0.18458574181117535,0.04084778420038536,0.3037249283667622,1.6454408958491604,1.0,0.016022958037726326,1.1711093666991763,0.4532124195635008,0.14681440443213298,0.1461087850244555,0.2625096458117736
23,frozenset({15668379}),frozenset({15668688}),0.18458574181117535,0.1857418111753372,0.055876685934489405,0.302713987473904,1.6297568412754788,1.0,0.02159139593333853,1.1677535103203998,0.4738837103187537,0.17769607843137256,0.14365489706331322,0.3017719314962881
22,frozenset({15668688}),frozenset({15668379}),0.1857418111753372,0.18458574181117535,0.055876685934489405,0.3008298755186722,1.6297568412754786,1.0,0.02159139593333853,1.16626015562912,0.47455652202294496,0.17769607843137256,0.14255837758551715,0.3017719314962881
14,frozenset({15668465}),frozenset({15668379}),0.12947976878612716,0.18458574181117535,0.038535645472061654,0.2976190476190476,1.6123620638234415,1.0,0.014635526301134905,1.16092877437053,0.43628154050464796,0.13986013986013987,0.13862071293545772,0.2531936574212148
15,frozenset({15668379}),frozenset({15668465}),0.18458574181117535,0.12947976878612716,0.038535645472061654,0.20876826722338201,1.6123620638234415,1.0,0.014635526301134905,1.100208946573734,0.46576559546313795,0.13986013986013987,0.09108174123270311,0.2531936574212148
1,frozenset({15668381}),frozenset({15668378}),0.20423892100192678,0.13641618497109825,0.044701348747591525,0.2188679245283019,1.604413175567637,1.0,0.016839854321895158,1.1055541593365166,0.47340736411455303,0.15104166666666666,0.09547624460104571,0.2732757701737555
0,frozenset({15668378}),frozenset({15668381}),0.13641618497109825,0.20423892100192678,0.044701348747591525,0.3276836158192091,1.604413175567637,1.0,0.016839854321895158,1.1836110166609999,0.4362276692978813,0.15104166666666666,0.1551278368284976,0.2732757701737555
30,frozenset({15668467}),frozenset({15668381}),0.13448940269749518,0.20423892100192678,0.04393063583815029,0.32664756446991405,1.5993404335838244,1.0,0.01646266534502025,1.1817898577460748,0.4329724578588055,0.14901960784313725,0.15382587399487987,0.27087095204627776
31,frozenset({15668381}),frozenset({15668467}),0.20423892100192678,0.13448940269749518,0.04393063583815029,0.21509433962264152,1.5993404335838244,1.0,0.01646266534502025,1.102693789832518,0.470923070387834,0.14901960784313725,0.09312992489793177,0.27087095204627776
20,frozenset({15668379}),frozenset({15668478}),0.18458574181117535,0.14258188824662812,0.04200385356454721,0.22755741127348644,1.5959769790667495,1.0,0.015685269953705252,1.1100088527834193,0.45795685125127905,0.14729729729729732,0.09910628415941453,0.26107600293404054
21,frozenset({15668478}),frozenset({15668379}),0.14258188824662812,0.18458574181117535,0.04200385356454721,0.29459459459459464,1.5959769790667495,1.0,0.015685269953705252,1.1559512472408626,0.43552211112256467,0.14729729729729732,0.13491161293618764,0.26107600293404054
79,frozenset({15669878}),frozenset({15669869}),0.17148362235067438,0.12678227360308286,0.03468208092485549,0.20224719101123592,1.5952324032649154,1.0,0.012940997397544552,1.0945968683003608,0.45036175710594295,0.13157894736842102,0.08642165078294668,0.2379017110071377
78,frozenset({15669869}),frozenset({15669878}),0.12678227360308286,0.17148362235067438,0.03468208092485549,0.27355623100303944,1.5952324032649152,1.0,0.012940997397544552,1.1405099926637159,0.4273070510934586,0.13157894736842102,0.12319926486180806,0.2379017110071377
32,frozenset({15668468}),frozenset({15668381}),0.12639691714836224,0.20423892100192678,0.04007707129094412,0.3170731707317073,1.5524620340543027,1.0,0.014261901314592682,1.1652215799614645,0.40734959790980957,0.13793103448275862,0.14179412980570483,0.2566497929130235
33,frozenset({15668381}),frozenset({15668468}),0.20423892100192678,0.12639691714836224,0.04007707129094412,0.1962264150943396,1.5524620340543027,1.0,0.014261901314592682,1.0868770749093146,0.44719687092568444,0.13793103448275862,0.07993275128796262,0.2566497929130235
29,frozenset({15668381}),frozenset({15668465}),0.20423892100192678,0.12947976878612716,0.04084778420038536,0.2,1.5446428571428574,1.0,0.01440297593192779,1.0881502890173411,0.4430992736077483,0.13947368421052633,0.08100929614873839,0.25773809523809527
28,frozenset({15668465}),frozenset({15668381}),0.12947976878612716,0.20423892100192678,0.04084778420038536,0.3154761904761905,1.5446428571428574,1.0,0.01440297593192779,1.1625031414928375,0.405046480743692,0.13947368421052633,0.13978727084053966,0.25773809523809527
72,frozenset({15669780}),frozenset({15669878}),0.14797687861271677,0.17148362235067438,0.03892100192678227,0.2630208333333333,1.5337956460674156,1.0,0.013545390758127565,1.1242059682591554,0.40846621975630387,0.13873626373626372,0.1104832848837209,0.24499356273408238
73,frozenset({15669878}),frozenset({15669780}),0.17148362235067438,0.14797687861271677,0.03892100192678227,0.22696629213483144,1.5337956460674156,1.0,0.013545390758127565,1.1021810727248285,0.42005526134008736,0.13873626373626372,0.09270806336041952,0.24499356273408238
50,frozenset({15668688}),frozenset({15668460}),0.1857418111753372,0.18458574181117535,0.05086705202312139,0.27385892116182575,1.483640710678367,1.0,0.016581762021970516,1.1229419212771814,0.4003427555249609,0.15922798552472858,0.10948199452501788,0.27471651694834504
51,frozenset({15668460}),frozenset({15668688}),0.18458574181117535,0.1857418111753372,0.05086705202312139,0.2755741127348643,1.483640710678367,1.0,0.016581762021970516,1.1240048197320274,0.39977516182620154,0.15922798552472858,0.1103240996436218,0.27471651694834504
27,frozenset({15668462}),frozenset({15668381}),0.1252408477842004,0.20423892100192678,0.037764932562620424,0.30153846153846153,1.476400580551524,1.0,0.012185876945808784,1.1393055095787392,0.36887530342533487,0.12945838837516513,0.1222723039672192,0.24322206095791
26,frozenset({15668381}),frozenset({15668462}),0.20423892100192678,0.1252408477842004,0.037764932562620424,0.18490566037735848,1.476400580551524,1.0,0.012185876945808784,1.0731998858203096,0.4054948856055739,0.12945838837516513,0.06820713157676002,0.24322206095791
77,frozenset({15669863}),frozenset({15669878}),0.12408477842003854,0.17148362235067438,0.03121387283236994,0.2515527950310559,1.466920231697955,1.0,0.009935365550320943,1.1069803883945346,0.36339096098591617,0.11807580174927113,0.0966416293514372,0.2167876334705841
76,frozenset({15669878}),frozenset({15669863}),0.17148362235067438,0.12408477842003854,0.03121387283236994,0.18202247191011234,1.466920231697955,1.0,0.009935365550320943,1.0708304219864913,0.38418030433534306,0.11807580174927113,0.06614532098844765,0.2167876334705841
8,frozenset({15668379}),frozenset({15668381}),0.18458574181117535,0.20423892100192678,0.05510597302504817,0.2985386221294363,1.4617126875960138,1.0,0.017406380285193472,1.1344332048811818,0.38737491242217137,0.16512702078521937,0.11850252998832313,0.28417497144207665
9,frozenset({15668381}),frozenset({15668379}),0.20423892100192678,0.18458574181117535,0.05510597302504817,0.269811320754717,1.4617126875960136,1.0,0.017406380285193472,1.11671720113715,0.39694204100983754,0.16512702078521937,0.10451813674786888,0.28417497144207665
63,frozenset({15668468}),frozenset({15668688}),0.12639691714836224,0.1857418111753372,0.034296724470134876,0.27134146341463417,1.4608528995040988,1.0,0.010819532152019036,1.1174756733660645,0.3611117994875174,0.12343966712898752,0.10512593353571965,0.22799438315959925
62,frozenset({15668688}),frozenset({15668468}),0.1857418111753372,0.12639691714836224,0.034296724470134876,0.18464730290456433,1.4608528995040988,1.0,0.010819532152019036,1.0714419489427212,0.3874304067383824,0.12343966712898752,0.06667831982238395,0.22799438315959925
68,frozenset({15669764}),frozenset({15669878}),0.12023121387283237,0.17148362235067438,0.03005780346820809,0.25,1.4578651685393258,1.0,0.009440119393676144,1.104688503532434,0.3569864213753832,0.11487481590574374,0.09476744186046511,0.21264044943820223
69,frozenset({15669878}),frozenset({15669764}),0.17148362235067438,0.12023121387283237,0.03005780346820809,0.17528089887640447,1.4578651685393256,1.0,0.009440119393676144,1.0667496180561025,0.37906976744186044,0.11487481590574374,0.06257290082534805,0.21264044943820223
38,frozenset({15668688}),frozenset({15668381}),0.1857418111753372,0.20423892100192678,0.05279383429672447,0.2842323651452282,1.391666014248806,1.0,0.014858127197329977,1.1117589567451343,0.3456358102949762,0.15657142857142856,0.10052444917765965,0.271361465591482
39,frozenset({15668381}),frozenset({15668688}),0.20423892100192678,0.1857418111753372,0.05279383429672447,0.25849056603773585,1.391666014248806,1.0,0.014858127197329977,1.098109007829698,0.35366995988052524,0.15657142857142856,0.08934359624605986,0.271361465591482
48,frozenset({15668460}),frozenset({15668468}),0.18458574181117535,0.12639691714836224,0.03236994219653179,0.1753653444676409,1.3874178929680736,1.0,0.009038873482055676,1.059381966293505,0.342447565037357,0.11618257261410786,0.05605340489348396,0.21573145272162533
49,frozenset({15668468}),frozenset({15668460}),0.12639691714836224,0.18458574181117535,0.03236994219653179,0.25609756097560976,1.3874178929680736,1.0,0.009038873482055676,1.096130642155469,0.3196378683807002,0.11618257261410786,0.08769998616810365,0.21573145272162533
12,frozenset({15668379}),frozenset({15668462}),0.18458574181117535,0.1252408477842004,0.03121387283236994,0.16910229645093944,1.3502167978159625,1.0,0.008096198039062814,1.0527880249029347,0.31809377114985166,0.11203319502074686,0.05014117149347482,0.20916653284085432
13,frozenset({15668462}),frozenset({15668379}),0.1252408477842004,0.18458574181117535,0.03121387283236994,0.2492307692307692,1.3502167978159625,1.0,0.008096198039062814,1.086105057013803,0.296513841300919,0.11203319502074686,0.07927875527119378,0.20916653284085432
35,frozenset({15668478}),frozenset({15668381}),0.14258188824662812,0.20423892100192678,0.038535645472061654,0.2702702702702703,1.3233044365119837,1.0,0.009414874462153021,1.0904874045529152,0.2849438202247191,0.125,0.08297886263987961,0.22947475777664456
34,frozenset({15668381}),frozenset({15668478}),0.20423892100192678,0.14258188824662812,0.038535645472061654,0.18867924528301885,1.3233044365119837,1.0,0.009414874462153021,1.056817672626249,0.30702179176755445,0.125,0.0537629849480602,0.22947475777664456
10,frozenset({15668379}),frozenset({15668460}),0.18458574181117535,0.18458574181117535,0.04508670520231214,0.24425887265135698,1.323281366451506,1.0,0.01101480912233025,1.078959750476373,0.29960577125038357,0.13912009512485135,0.07318136792545905,0.24425887265135698
11,frozenset({15668460}),frozenset({15668379}),0.18458574181117535,0.18458574181117535,0.04508670520231214,0.24425887265135698,1.323281366451506,1.0,0.01101480912233025,1.078959750476373,0.29960577125038357,0.13912009512485135,0.07318136792545905,0.24425887265135698
6,frozenset({15668688}),frozenset({15668378}),0.1857418111753372,0.13641618497109825,0.03352601156069364,0.1804979253112033,1.3231415711372108,1.0,0.008187822290532037,1.0537908831491916,0.2999330907191932,0.11615487316421894,0.05104512100962631,0.21313031858780504
7,frozenset({15668378}),frozenset({15668688}),0.13641618497109825,0.1857418111753372,0.03352601156069364,0.2457627118644068,1.3231415711372108,1.0,0.008187822290532037,1.0795782728237102,0.2828017049039068,0.11615487316421894,0.07371236975302205,0.21313031858780504
44,frozenset({15668465}),frozenset({15668460}),0.12947976878612716,0.18458574181117535,0.03159922928709056,0.24404761904761907,1.3221368923352221,1.0,0.00769911011616381,1.0786582313049018,0.27988857577818804,0.11186903137789907,0.07292229273561979,0.20761879908539616
45,frozenset({15668460}),frozenset({15668465}),0.18458574181117535,0.12947976878612716,0.03159922928709056,0.17118997912317327,1.3221368923352221,1.0,0.00769911011616381,1.0503254175099372,0.29880354096546635,0.11186903137789907,0.04791411944428271,0.20761879908539616
17,frozenset({15668379}),frozenset({15668467}),0.18458574181117535,0.13448940269749518,0.03275529865125241,0.17745302713987474,1.3194573221431947,1.0,0.007930472488593375,1.0522324266697964,0.296919826531747,0.11440107671601615,0.04963962841851066,0.21050301786793163
16,frozenset({15668467}),frozenset({15668379}),0.13448940269749518,0.18458574181117535,0.03275529865125241,0.24355300859598855,1.3194573221431947,1.0,0.007930472488593375,1.0779529398026506,0.27973390602901893,0.11440107671601615,0.07231571706360598,0.21050301786793163
