,0
0,"Whole Spices,Brinjals,Moong Dal,Moong Dal,Gourd & Cucumber,Whole Spices,Whole Spices,Moong Dal"
1,"Gourd & Cucumber,Boiled Rice,Other Dals,Beans,Root Vegetables,Other Oils,Other Vegetables"
2,"Cooking Sauce,Sunflower Oils,Toor Dal,Brinjals,Ground Coffee,Beans,Other Vegetables,Beans,Root Vegetables,Raw Rice"
3,"Whole Spices,Other Vegetables,Avalakki / Poha,Urad Dal,Whole Spices,Moong Dal,Toor Dal,Raisins,Maida,Cashews,Other Vegetables,Raw Peanuts,Root Vegetables,Ghee,Other Dals,Whole Spices"
4,"Other Oils,Whole Spices,Raw Rice,Toor Dal,Other Dals,Banana,Glucose, Marie & Milk Biscuits"
5,"Urad Dal,Other Vegetables,Brinjals,Sugar,Body Wash,Moong Dal,Chilli & Soya Sauces,Gourd & Cucumber,Other Dals"
6,"Beans,Exotic Vegetables,Almonds,Namkeen,Other Vegetables,Honey,Health Drinks"
7,"Toor Dal,Other Dals,Other Dry Fruits,Beans,Root Vegetables,Other Vegetables,Raisins,Other Dals,Boiled Rice,Brinjals"
8,"Cotton & Bandages,Avalakki / Poha,Toor Dal,Sooji & Rava,Jaggery,Phenyles & Acids,Toilet Cleaners,Moong Dal"
9,"Other Dals,Other Dals,Root Vegetables,Other Dals,Other Vegetables,Other Dals,Root Vegetables"
10,"Organic F&V,Organic F&V,Ice Creams & Desserts,Banana,Toothpaste,Organic F&V"
11,"Moong Dal,Root Vegetables,Powdered Spices,Urad Dal,Other Dals,Toor Dal,Other Vegetables"
12,"Other Dals,Other Dry Fruits,Moong Dal,Other Dals,Other Dals,Other Vegetables,Other Dry Fruits,Urad Dal,Other Dals,Almonds,Whole Spices,Gourd & Cucumber,Other Dals,Root Vegetables,Whole Spices"
13,"Other Vegetables,Ghee,Sunflower Oils,Other Vegetables,Beans,Toor Dal,Brinjals,Raw Rice,Besan,Sugar"
14,"Brinjals,Other Vegetables,Beans,Cooking Paste,Liquid Soaps & Bars,Root Vegetables,Gourd & Cucumber,Other Vegetables,Sugar"
15,"Whole Spices,Other Dals,Moong Dal,Namkeen,Urad Dal,Other Dals"
16,"Whole Spices,Other Vegetables,Whole Spices,Whole Spices,Brinjals,Whole Spices,Honey,Urad Dal,Urad Dal,Whole Spices"
17,"Other Dals,Sunflower Oils,Raw Rice,Boiled Rice,Whole Spices,Urad Dal,Moong Dal,Other Dals,Cashews"
18,"Maida,Other Flours,Other Dry Fruits,Beans,Other Vegetables,Besan,Root Vegetables,Avalakki / Poha,Phenyles & Acids,Other Vegetables,Gourd & Cucumber,Raw Peanuts"
19,"Gourd & Cucumber,Bread,Namkeen,Besan,Other Vegetables,Sugar,Urad Dal"
20,"Rice Flour,Sooji & Rava,Other Dals,Sooji & Rava,Ghee,Namkeen,Sooji & Rava,Aluminium Foil & Cling Wrap,Besan,Urad Dal,Sunflower Oils"
21,"Brinjals,Besan,Other Dals,Curd,Moong Dal,Whole Spices,Avalakki / Poha"
22,"Whole Spices,Organic F&V,Organic F&V,Organic F&V,Exotic Vegetables,Organic F&V,Banana,Bread,Organic F&V,Basmati Rice"
23,"Namkeen,Beans,Gourd & Cucumber,Boiled Rice,Other Dals,Brinjals,Beans,Basmati Rice,Beans"
24,"Vermicelli,Toor Dal,Root Vegetables,Ghee,Regular Pasta,Namkeen,Moong Dal,Ice Creams & Desserts,Organic Rice & Rice Products,Other Dals"
25,"Other Dals,Other Oils,Other Dals,Raw Rice,Other Dals,Other Dals"
26,"Besan,Sooji & Rava,Other Dry Fruits,Raw Rice,Raw Rice,Other Dals,Moong Dal,Other Dry Fruits,Whole Spices,Other Oils,Other Flours,Vermicelli"
27,"Beans,Toor Dal,Other Dals,Other Vegetables,Glucose, Marie & Milk Biscuits,Root Vegetables,Sugar"
28,"Other Dals,Other Dals,Other Vegetables,Other Dals,Besan,Brinjals,Root Vegetables,Banana"
29,"Gourd & Cucumber,Beans,Beans,Namkeen,Honey,Brinjals,Sugar"
30,"Moong Dal,Beans,Moong Dal,Urad Dal,Whole Spices,Gourd & Cucumber,Brinjals,Whole Spices,Other Dals"
31,"Phenyles & Acids,Root Vegetables,Brinjals,Namkeen,Raw Rice,Butter & Cream,Tomato Ketchup"
32,"Other Dals,Raisins,Other Dals,Raw Rice,Avalakki / Poha,Brinjals,Other Dals,Root Vegetables"
33,"Besan,Phenyles & Acids,Bread,Namkeen,Sunflower Oils,Whole Spices,Toor Dal"
34,"Namkeen,Ice Creams & Desserts,Banana,Ice Creams & Desserts,Gourd & Cucumber,Organic F&V"
35,"Organic F&V,Beans,Other Vegetables,Root Vegetables,Beans,Beans,Organic F&V"
36,"Yogurt & Lassi,Other Vegetables,Root Vegetables,Banana,Other Dals,Raw Rice,Curd,Other Rice Products,Gourd & Cucumber"
37,"Root Vegetables,Urad Dal,Brinjals,Whole Spices,Other Dals,Organic F&V"
38,"Urad Dal,Other Rice Products,Almonds,Avalakki / Poha,Ground Coffee,Brinjals,Gourd & Cucumber,Vermicelli"
39,"Organic Masalas & Spices,Organic Dals & Pulses,Organic F&V,Organic F&V,Organic F&V,Organic F&V,Organic Dals & Pulses"
40,"Moong Dal,Moong Dal,Namkeen,Rice Flour,Urad Dal,Raw Peanuts,Whole Spices,Gourd & Cucumber,Namkeen"
41,"Organic F&V,Root Vegetables,Other Vegetables,Brinjals,Gourd & Cucumber,Exotic Vegetables"
42,"Regular Pasta,Namkeen,Other Dals,Other Vegetables,Raw Peanuts,Root Vegetables,Almonds,Raw Rice,Beans,Gourd & Cucumber"
43,"Boiled Rice,Raw Rice,Other Vegetables,Whole Spices,Moong Dal,Root Vegetables,Sugar,Glucose, Marie & Milk Biscuits,Root Vegetables,Toor Dal,Brinjals"
44,"Other Vegetables,Raw Peanuts,Moong Dal,Moong Dal,Avalakki / Poha,Other Flours,Other Dals,Root Vegetables,Other Rice Products,Organic F&V"
45,"Brinjals,Beans,Exotic Vegetables,Exotic Vegetables,Banana,Exotic Vegetables,Beans,Gourd & Cucumber"
46,"Chips,Namkeen,Namkeen,Beans,Namkeen,Banana"
47,"Liquid Soaps & Bars,Beans,Whole Spices,Other Vegetables,Gourd & Cucumber,Root Vegetables"
48,"Beans,Gourd & Cucumber,Brinjals,Sugar,Other Vegetables,Root Vegetables"
49,"Whole Spices,Root Vegetables,Other Dals,Gourd & Cucumber,Urad Dal,Moong Dal,Other Rice Products,Sugar,Gourd & Cucumber,Other Dals"
50,"Other Rice Products,Sugar,Moong Dal,Other Dals,Boiled Rice,Other Dals,Other Dals,Other Dry Fruits,Urad Dal"
51,"Almonds,Other Vegetables,Namkeen,Moong Dal,Other Dry Fruits,Root Vegetables,Beans,Maida,Namkeen,Health Drinks,Other Vegetables,Raisins,Namkeen"
52,"Root Vegetables,Milk,Basmati Rice,Organic Dals & Pulses,Beans,Organic Salt,Sugar & Jaggery,Banana"
53,"Toor Dal,Whole Spices,Whole Spices,Moong Dal,Gourd & Cucumber,Brinjals,Root Vegetables,Agarbatti"
54,"Whole Spices,Sooji & Rava,Other Vegetables,Gourd & Cucumber,Brinjals,Other Dals"
55,"Moong Dal,Other Vegetables,Other Dals,Raw Rice,Bread,Moong Dal"
56,"Moong Dal,Other Dals,Urad Dal,Whole Spices,Other Dals,Besan,Other Oils,Other Dals,Other Dals,Toor Dal"
57,"Boiled Rice,Other Dals,Root Vegetables,Beans,Whole Spices,Other Dals"
58,"Organic Masalas & Spices,Other Dry Fruits,Other Oils,Organic Masalas & Spices,Liquid Soaps & Bars,Health Drinks"
59,"Cooking Sauce,Beans,Packaged Drinking Water,Yogurt & Lassi,Yogurt & Lassi,Other Vegetables,Organic F&V"
60,"Snacky Nuts,Whole Spices,Whole Spices,Ready Mix,Namkeen,Raw Peanuts"
61,"Chilli & Soya Sauces,Sugar,Whole Spices,Raisins,Whole Spices,Agarbatti,Regular Pasta,Whole Spices,Other Dals,Ghee,Other Dals,Whole Spices,Cashews,Whole Spices"
62,"Namkeen,Snacky Nuts,Other Dals,Brinjals,Cooking Paste,Beans,Other Vegetables"
63,"Snacky Nuts,Urad Dal,Cakes,Raisins,Other Dry Fruits,Other Vegetables,Sooji & Rava,Root Vegetables,Cakes,Cashews,Root Vegetables"
64,"Moong Dal,Ghee,Almonds,Cashews,Brinjals,Root Vegetables,Other Dals"
65,"Rice Flour,Avalakki / Poha,Other Rice Products,Other Flours,Whole Spices,Other Dals,Moong Dal,Sugar,Toor Dal,Urad Dal"
66,"Moong Dal,Other Vegetables,Whole Spices,Mustard Oils,Glucose, Marie & Milk Biscuits,Beans,Gourd & Cucumber,Buns & Pavs,Gourd & Cucumber,Raisins"
67,"Sugar,Namkeen,Raw Rice,Sooji & Rava,Moong Dal,Honey,Other Dals,Other Dals,Whole Spices,Root Vegetables"
68,"Yogurt & Lassi,Cakes,Yogurt & Lassi,Gourd & Cucumber,Other Vegetables,Brinjals,Cashews"
69,"Frozen Chicken,Avalakki / Poha,Other Dals,Maida,Raw Peanuts,Cream Biscuits"
70,"Other Dals,Other Vegetables,Other Dals,Moong Dal,Other Dals,Other Vegetables"
71,"Namkeen,Basmati Rice,Sugar,Namkeen,Maida,Mustard Oils"
72,"Basmati Rice,Brinjals,Other Flours,Organic Flours,Ready Mix,Boiled Rice,Beans,Organic F&V,Root Vegetables"
73,"Beans,Other Dals,Raw Peanuts,Other Vegetables,Beans,Whole Spices,Other Vegetables,Exotic Vegetables,Ghee"
74,"Other Vegetables,Beans,Besan,Sugar,Toor Dal"
75,"Liquid Soaps & Bars,Organic F&V,Liquid Soaps & Bars,Tomato Ketchup,Liquid Soaps & Bars,Exotic Vegetables,Gourd & Cucumber,Brinjals,Exotic Vegetables"
76,"Whole Spices,Other Vegetables,Instant Noodles,Aluminium Foil & Cling Wrap,Tomato Ketchup,Cooking Paste,Beans"
77,"Root Vegetables,Beans,Banana,Gourd & Cucumber,Brinjals,Toor Dal,Urad Dal"
78,"Root Vegetables,Organic F&V,Mosquito Repellent,Banana,Organic F&V,Shaving Cream, Foam & Gels,Other Vegetables,Beans,Buns & Pavs,Beans"
79,"Moong Dal,Other Vegetables,Moong Dal,Ghee,Moong Dal,Brinjals,Sunflower Oils"
80,"Organic F&V,Beans,Organic Dals & Pulses,Organic F&V,Organic F&V,Organic F&V,Organic F&V,Organic F&V,Organic F&V"
81,"Organic F&V,Banana,Root Vegetables,Organic F&V,Organic F&V,Gourd & Cucumber"
82,"Gourd & Cucumber,Other Rice Products,Other Vegetables,Brinjals,Brinjals,Gourd & Cucumber,Beans"
83,"Brinjals,Other Dals,Whole Spices,Gourd & Cucumber,Root Vegetables,Other Vegetables,Gourd & Cucumber"
84,"Root Vegetables,Corn Snacks,Cooking Paste,Other Vegetables,Beans,Gourd & Cucumber,Sugar,Brinjals,Namkeen,Honey"
85,"Besan,Sooji & Rava,Whole Spices,Whole Spices,Bread,Organic Flours"
86,"Moong Dal,Root Vegetables,Other Dals,Organic F&V,Toor Dal,Whole Spices,Whole Spices"
87,"Other Oils,Organic F&V,Regular Pasta,Exotic Vegetables,Organic F&V,Raw Rice,Beans,Organic F&V,Exotic Vegetables,Other Dals,Root Vegetables,Organic Dals & Pulses,Raisins"
88,"Other Vegetables,Gourd & Cucumber,Other Vegetables,Brinjals,Brinjals,Beans"
89,"Jaggery,Organic F&V,Health Drinks,Gourd & Cucumber,Other Vegetables,Beans,Other Dals,Organic F&V,Sugar"
90,"Moong Dal,Cream Biscuits,Brinjals,Powdered Spices,Gourd & Cucumber,Other Vegetables"
91,"Beans,Beans,Root Vegetables,Gourd & Cucumber,Brinjals,Root Vegetables,Brinjals"
92,"Gourd & Cucumber,Other Vegetables,Sugar,Besan,Root Vegetables,Beans,Brinjals,Raw Peanuts,Other Vegetables"
93,"Cream Biscuits,Other Vegetables,Other Dals,Namkeen,Namkeen,Moong Dal,Gourd & Cucumber,Other Dals"
94,"Brinjals,Banana,Brinjals,Beans,Gourd & Cucumber,Gourd & Cucumber,Other Vegetables"
95,"Brinjals,Sooji & Rava,Other Vegetables,Gourd & Cucumber,Raw Rice,Toor Dal,Namkeen,Banana"
96,"Other Dals,Root Vegetables,Vermicelli,Moong Dal,Other Dals,Exotic Vegetables,Avalakki / Poha,Toor Dal,Urad Dal,Other Vegetables"
97,"Root Vegetables,Other Dals,Other Dals,Other Dals,Beans,Organic F&V"
98,"Moong Dal,Gourd & Cucumber,Other Dals,Gourd & Cucumber,Other Vegetables,Brinjals,Moong Dal"
99,"Sugar,Sunflower Oils,Jaggery,Other Dals,Ghee,Cashews,Other Dals,Honey,Moong Dal,Urad Dal"
100,"Bread,Root Vegetables,Brinjals,Other Vegetables,Beans,Other Vegetables"
101,"Banana,Liquid Soaps & Bars,Other Dry Fruits,Organic F&V,Organic F&V,Sugar,Beans,Other Oils"
102,"Organic F&V,Urad Dal,Other Vegetables,Root Vegetables,Organic F&V,Avalakki / Poha,Sunflower Oils,Besan,Sooji & Rava"
103,"Yogurt & Lassi,Banana,Namkeen,Yogurt & Lassi,Bread,Namkeen,Snacky Nuts,Packaged Drinking Water"
104,"Buns & Pavs,Other Dals,Brinjals,Other Dals,Organic F&V,Other Vegetables,Root Vegetables,Sooji & Rava"
105,"Whole Spices,Other Dals,Root Vegetables,Other Vegetables,Chinese Noodles,Exotic Vegetables"
106,"Bread,Organic Dals & Pulses,Organic F&V,Other Vegetables,Organic F&V,Organic Dals & Pulses,Organic F&V"
107,"Whole Spices,Banana,Other Dals,Exotic Vegetables,Other Dals,Beans,Beans,Brinjals,Besan,Sugar"
108,"Other Vegetables,Other Dals,Root Vegetables,Mosquito Repellent,Urad Dal,Boiled Rice,Boiled Rice"
109,"Namkeen,Health Drinks,Toor Dal,Namkeen,Sugar,Moong Dal,Other Dals,Namkeen,Organic Rice & Rice Products,Sooji & Rava,Corn Snacks,Namkeen,Namkeen"
110,"Raw Peanuts,Maida,Whole Spices,Raisins,Regular Pasta,Other Dals"
111,"Rice Flour,Moong Dal,Toor Dal,Whole Spices,Whole Spices,Beans,Other Vegetables,Sunflower Oils,Gourd & Cucumber"
112,"Organic Rice & Rice Products,Organic Dals & Pulses,Tomato Ketchup,Organic Dals & Pulses,Organic Rice & Rice Products,Organic Dals & Pulses,Organic Masalas & Spices"
113,"Whole Spices,Whole Spices,Moong Dal,Glucose, Marie & Milk Biscuits,Whole Spices,Glucose, Marie & Milk Biscuits,Whole Spices"
114,"Exotic Vegetables,Other Vegetables,Beans,Organic F&V,Gourd & Cucumber,Organic F&V,Organic F&V"
115,"Organic F&V,Banana,Exotic Vegetables,Exotic Vegetables,Exotic Vegetables,Other Vegetables,Organic F&V"
116,"Raw Rice,Organic Masalas & Spices,Organic Masalas & Spices,Moong Dal,Toor Dal,Raw Peanuts,Shoe Polish,Ghee,Organic Masalas & Spices,Organic Dals & Pulses,Moong Dal,Mosquito Repellent,Organic Masalas & Spices"
117,"Moong Dal,Other Vegetables,Organic F&V,Health Drinks,Sooji & Rava,Organic F&V,Organic F&V"
118,"Whole Spices,Root Vegetables,Other Vegetables,Liquid Soaps & Bars,Moong Dal,Whole Spices,Phenyles & Acids,Gourd & Cucumber"
119,"Beans,Other Dals,Root Vegetables,Root Vegetables,Other Dals,Maida,Brinjals,Basmati Rice"
120,"Organic F&V,Organic F&V,Organic F&V,Yogurt & Lassi,Organic F&V,Organic F&V,Other Vegetables"
121,"Banana,Root Vegetables,Mosquito Repellent,Beans,Other Vegetables,Beans,Gourd & Cucumber"
122,"Glucose, Marie & Milk Biscuits,Glucose, Marie & Milk Biscuits,Sunflower Oils,Other Vegetables,Other Dals,Sugar"
123,"Beans,Beans,Gourd & Cucumber,Other Dals,Organic F&V,Organic F&V,Brinjals,Organic F&V,Gourd & Cucumber"
124,"Other Dry Fruits,Other Vegetables,Raisins,Root Vegetables,Toor Dal,Banana,Brinjals,Wafers,Toothpaste,Glucose, Marie & Milk Biscuits"
125,"Sugar,Moong Dal,Raw Peanuts,Rice Flour,Sunflower Oils,Ground Coffee,Maida,Whole Spices,Boiled Rice,Whole Spices,Whole Spices,Urad Dal,Sooji & Rava,Raw Rice"
126,"Root Vegetables,Root Vegetables,Other Vegetables,Gourd & Cucumber,Besan,Banana,Brinjals"
127,"Root Vegetables,Brinjals,Chilli & Soya Sauces,Chilli & Soya Sauces,Sugar,Other Vegetables"
128,"Other Dals,Other Dals,Raw Peanuts,Organic F&V,Toor Dal,Root Vegetables"
129,"Root Vegetables,Glucose, Marie & Milk Biscuits,Health Drinks,Rice Flour,Beans,Other Dals,Toor Dal"
130,"Snacky Nuts,Namkeen,Basmati Rice,Organic F&V,Mosquito Repellent,Organic F&V,Namkeen,Banana,Organic F&V"
131,"Organic F&V,Organic F&V,Organic F&V,Organic F&V,Organic Flours,Raw Rice,Toor Dal"
132,"Moong Dal,Cream Biscuits,Organic F&V,Other Vegetables,Moong Dal,Gourd & Cucumber,Organic F&V,Raw Peanuts"
133,"Raw Rice,Gourd & Cucumber,Beans,Health Drinks,Banana,Other Vegetables,Beans"
134,"Organic Salt,Sugar & Jaggery,Sooji & Rava,Moong Dal,Boiled Rice,Urad Dal,Other Dals,Moong Dal"
135,"Root Vegetables,Maida,Other Dals,Other Dals,Gourd & Cucumber,Toor Dal,Moong Dal,Other Dals,Beans"
136,"Cooking Sauce,Other Sweets,Chips,Bread,Other Vegetables,Beans,Exotic Vegetables"
137,"Organic F&V,Aluminium Foil & Cling Wrap,Organic F&V,Chips,Namkeen,Other Sweets,Healthy Snacks,Organic F&V"
138,"Root Vegetables,Brinjals,Gourd & Cucumber,Beans,Beans,Other Vegetables,Gourd & Cucumber"
139,"Bread,Other Vegetables,Root Vegetables,Sunflower Oils,Other Vegetables,Rice Flour,Beans,Basmati Rice"
140,"Moong Dal,Organic F&V,Root Vegetables,Toor Dal,Namkeen,Namkeen,Root Vegetables"
141,"Urad Dal,Jaggery,Avalakki / Poha,Rice Flour,Sugar,Organic Masalas & Spices,Sooji & Rava"
142,"Moong Dal,Besan,Other Dals,Other Dals,Urad Dal,Other Dals,Regular Pasta"
143,"Gourd & Cucumber,Organic F&V,Organic F&V,Other Vegetables,Buns & Pavs,Other Vegetables,Root Vegetables"
144,"Brinjals,Other Vegetables,Sugar,Other Dals,Cooking Paste,Mosquito Repellent,Other Vegetables"
145,"Other Vegetables,Other Dals,Root Vegetables,Other Vegetables,Root Vegetables,Other Rice Products,Urad Dal"
146,"Organic F&V,Other Dals,Other Dals,Organic F&V,Organic F&V,Gourd & Cucumber,Moong Dal,Organic F&V,Urad Dal,Urad Dal"
147,"Moong Dal,Avalakki / Poha,Sugar,Other Oils,Liquid Soaps & Bars,Gourd & Cucumber,Cream Biscuits"
148,"Toor Dal,Sugar,Other Dals,Sugar,Other Dals,Moong Dal,Toor Dal"
149,"Other Vegetables,Organic Rice & Rice Products,Avalakki / Poha,Besan,Sooji & Rava,Other Dals,Raw Rice,Toor Dal,Organic F&V,Moong Dal,Sugar,Organic F&V"
150,"Other Dry Fruits,Cashews,Sooji & Rava,Other Sauces,Avalakki / Poha,Organic Masalas & Spices,Moong Dal"
151,"Urad Dal,Beans,Raw Rice,Organic F&V,Gourd & Cucumber,Other Vegetables,Brinjals"
152,"Organic F&V,Organic F&V,Other Vegetables,Gourd & Cucumber,Other Vegetables,Gourd & Cucumber,Organic F&V"
153,"Organic F&V,Organic F&V,Organic F&V,Organic F&V,Organic F&V,Organic F&V,Brinjals"
154,"Organic F&V,Organic F&V,Buns & Pavs,Organic F&V,Beans,Exotic Vegetables,Other Vegetables"
155,"Brinjals,Other Vegetables,Chilli & Soya Sauces,Brinjals,Root Vegetables,Gourd & Cucumber,Gourd & Cucumber"
156,"Exotic Vegetables,Namkeen,Namkeen,Glucose, Marie & Milk Biscuits,Root Vegetables,Other Vegetables,Exotic Vegetables,Cream Biscuits,Glucose, Marie & Milk Biscuits,Beans"
157,"Other Rice Products,Basmati Rice,Urad Dal,Banana,Whole Spices,Exotic Vegetables,Brinjals,Boiled Rice"
158,"Other Dals,Whole Spices,Raw Peanuts,Jaggery,Toilet Cleaners,Instant Noodles,Other Dals,Other Dals,Phenyles & Acids,Liquid Soaps & Bars,Whole Spices,Buns & Pavs,Toothpaste"
159,"Beans,Organic F&V,Brinjals,Brinjals,Organic F&V,Organic F&V,Gourd & Cucumber,Jaggery,Organic F&V"
160,"Organic F&V,Liquid Detergent,Organic F&V,Organic F&V,Organic F&V,Organic Salt,Sugar & Jaggery,Organic Dals & Pulses"
161,"Root Vegetables,Organic F&V,Banana,Organic F&V,Other Vegetables,Beans,Organic F&V,Avalakki / Poha"
162,"Moong Dal,Organic F&V,Beans,Yogurt & Lassi,Organic F&V,Besan,Root Vegetables"
163,"Other Dals,Beans,Gourd & Cucumber,Namkeen,Other Vegetables,Salty Biscuits,Other Dals,Brinjals,Toor Dal,Other Vegetables,Cream Biscuits,Sugar,Beans,Glucose, Marie & Milk Biscuits,Toilet Cleaners,Banana"
164,"Moong Dal,Gourd & Cucumber,Beans,Banana,Raw Rice,Sugar,Gourd & Cucumber"
165,"Other Dals,Sugar,Urad Dal,Toor Dal,Instant Noodles,Moong Dal,Sunflower Oils,Sooji & Rava"
166,"Organic Flours,Gourd & Cucumber,Regular Pasta,Organic F&V,Organic F&V,Organic F&V,Organic F&V,Bread,Organic F&V,Organic F&V"
167,"Exotic Vegetables,Organic F&V,Wafers,Exotic Vegetables,Other Vegetables,Beans,Corn Snacks"
168,"Organic F&V,Beans,Other Vegetables,Root Vegetables,Gourd & Cucumber,Raisins,Organic F&V,Other Vegetables,Root Vegetables"
169,"Raw Rice,Brinjals,Besan,Gourd & Cucumber,Other Vegetables,Toor Dal,Beans,Gourd & Cucumber,Root Vegetables,Root Vegetables,Other Vegetables"
170,"Brinjals,Organic F&V,Gourd & Cucumber,Organic F&V,Organic F&V,Organic F&V,Other Dals"
171,"Phenyles & Acids,Liquid Soaps & Bars,Sooji & Rava,Organic F&V,Besan,Sugar,Moong Dal,Moong Dal,Organic F&V"
172,"Organic F&V,Other Dry Fruits,Organic F&V,Banana,Snacky Nuts,Organic F&V,Organic F&V"
173,"Sooji & Rava,Besan,Urad Dal,Brinjals,Whole Spices,Urad Dal,Other Dals,Whole Spices,Other Vegetables,Whole Spices"
174,"Urad Dal,Organic F&V,Exotic Vegetables,Beans,Brinjals,Whole Spices,Raw Peanuts,Exotic Vegetables,Beans,Sugar"
175,"Organic F&V,Beans,Beans,Avalakki / Poha,Beans,Other Vegetables,Gourd & Cucumber"
176,"Aluminium Foil & Cling Wrap,Rice Flour,Raw Peanuts,Root Vegetables,Other Vegetables,Buns & Pavs,Beans,Other Vegetables,Tomato Ketchup,Sooji & Rava"
177,"Organic F&V,Exotic Vegetables,Organic F&V,Gourd & Cucumber,Other Vegetables,Exotic Vegetables,Cream Biscuits,Exotic Vegetables"
178,"Avalakki / Poha,Beans,Organic F&V,Beans,Exotic Vegetables,Raw Rice,Urad Dal"
179,"Namkeen,Namkeen,Toor Dal,Namkeen,Other Dals,Other Dals,Moong Dal,Namkeen,Namkeen,Moong Dal"
180,"Beans,Cakes,Toor Dal,Gourd & Cucumber,Mosquito Repellent,Liquid Soaps & Bars,Namkeen,Corn Snacks,Sunflower Oils"
181,"Root Vegetables,Gourd & Cucumber,Other Vegetables,Beans,Brinjals,Beans,Brinjals"
182,"Banana,Organic Flours,Sunflower Oils,Other Rice Products,Beans,Other Vegetables,Other Dals,Root Vegetables,Toor Dal"
183,"Other Dals,Phenyles & Acids,Other Vegetables,Sunflower Oils,Phenyles & Acids,Cashews,Root Vegetables,Moong Dal,Liquid Detergent,Health Drinks"
184,"Organic F&V,Beans,Gourd & Cucumber,Other Dals,Toor Dal,Organic F&V,Other Vegetables,Cashews,Moong Dal,Cooking Sauce"
185,"Sugar,Brinjals,Raisins,Raw Rice,Root Vegetables,Toor Dal,Beans,Snacky Nuts,Cashews"
186,"Rice Flour,Root Vegetables,Other Vegetables,Other Vegetables,Sunflower Oils,Sooji & Rava,Brinjals"
187,"Other Dals,Other Vegetables,Exotic Vegetables,Jaggery,Other Dals,Other Dals,Root Vegetables"
188,"Bread,Other Dals,Sunflower Oils,Banana,Tomato Ketchup,Other Rice Products,Sugar,Beans,Other Vegetables"
189,"Toor Dal,Brinjals,Regular Pasta,Beans,Gourd & Cucumber,Namkeen,Chilli & Soya Sauces,Sugar"
190,"Gourd & Cucumber,Instant Noodles,Banana,Maida,Other Vegetables,Rice Flour,Other Flours"
191,"Other Vegetables,Beans,Yogurt & Lassi,Yogurt & Lassi,Namkeen,Namkeen,Bread,Regular Pasta,Beans,Exotic Vegetables,Exotic Vegetables"
192,"Sugar,Root Vegetables,Beans,Urad Dal,Beans,Gourd & Cucumber"
193,"Toothpaste,Regular Pasta,Maida,Namkeen,Beans,Cooking Paste"
194,"Other Dals,Raw Rice,Jaggery,Other Dals,Toor Dal,Ghee"
195,"Other Vegetables,Banana,Root Vegetables,Other Vegetables,Root Vegetables,Beans"
196,"Sunflower Oils,Moong Dal,Gourd & Cucumber,Other Dals,Brinjals,Raw Rice,Instant Noodles,Maida,Beans,Toor Dal,Other Dals,Other Dals,Sooji & Rava,Other Dals"
197,"Cream Biscuits,Other Dals,Moong Dal,Jaggery,Moong Dal,Banana,Beans,Other Dals,Cream Biscuits,Other Vegetables,Sooji & Rava,Other Dals,Beans"
198,"Chinese Noodles,Other Dals,Root Vegetables,Toor Dal,Sanitary Pads,Gourd & Cucumber"
199,"Toor Dal,Raisins,Other Dals,Moong Dal,Sooji & Rava,Almonds,Other Dals,Besan,Beans,Sooji & Rava"
200,"Other Dals,Root Vegetables,Root Vegetables,Beans,Bread,Other Dals,Boiled Rice,Brinjals,Other Vegetables"
201,"Sugar,Boiled Rice,Other Vegetables,Ghee,Health Drinks,Urad Dal,Toor Dal"
202,"Beans,Gourd & Cucumber,Banana,Other Dry Fruits,Beans,Other Vegetables,Toor Dal"
203,"Moong Dal,Raw Peanuts,Sooji & Rava,Namkeen,Moong Dal,Namkeen,Urad Dal,Sugar,Raw Rice,Toor Dal,Moong Dal,Other Dals"
204,"Beans,Beans,Gourd & Cucumber,Root Vegetables,Brinjals,Brinjals,Root Vegetables"
205,"Namkeen,Namkeen,Other Vegetables,Namkeen,Moong Dal,Root Vegetables,Other Dals,Raw Rice,Toilet Cleaners,Other Dals,Other Dals"
206,"Other Vegetables,Whole Spices,Moong Dal,Liquid Detergent,Sugar,Whole Spices,Beans,Urad Dal,Gourd & Cucumber,Other Dals,Whole Spices,Other Dals,Buns & Pavs"
207,"Instant Noodles,Instant Noodles,Sooji & Rava,Beans,Banana,Beans"
208,"Sugar,Moong Dal,Other Vegetables,Toor Dal,Maida,Other Dals,Almonds"
209,"Organic F&V,Sooji & Rava,Urad Dal,Other Dals,Other Vegetables,Raw Peanuts,Snacky Nuts,Toor Dal,Gourd & Cucumber,Snacky Nuts,Namkeen,Corn Snacks,Health Drinks,Namkeen"
210,"Root Vegetables,Other Vegetables,Brinjals,Beans,Gourd & Cucumber,Beans,Beans"
211,"Brinjals,Other Vegetables,Moong Dal,Beans,Other Dals,Toor Dal,Whole Spices,Sugar"
212,"Other Dals,Other Dals,Basmati Rice,Avalakki / Poha,Other Rice Products,Gourd & Cucumber,Beans,Toor Dal"
213,"Diapers & Wipes,Whole Spices,Urad Dal,Whole Spices,Toilet Cleaners,Toor Dal,Phenyles & Acids,Sugar,Sunflower Oils"
214,"Other Dals,Instant Pastas,Beans,Other Vegetables,Root Vegetables,Instant Pastas"
215,"Banana,Exotic Vegetables,Root Vegetables,Beans,Bread,Cooking Sauce,Exotic Vegetables"
216,"Toor Dal,Jaggery,Phenyles & Acids,Avalakki / Poha,Whole Spices,Other Dals,Whole Spices,Moong Dal,Sunflower Oils,Besan,Whole Spices,Sooji & Rava,Health Drinks,Raw Peanuts,Cashews"
217,"Root Vegetables,Other Vegetables,Organic F&V,Instant Pastas,Root Vegetables,Instant Noodles,Whole Spices,Chinese Noodles,Brinjals,Banana"
218,"Beans,Moong Dal,Urad Dal,Brinjals,Beans,Root Vegetables,Boiled Rice,Banana,Other Dals,Other Vegetables,Organic Masalas & Spices,Gourd & Cucumber,Other Vegetables,Other Dals"
219,"Other Vegetables,Toor Dal,Eggs,Sunflower Oils,Brinjals,Raw Rice"
220,"Boiled Rice,Urad Dal,Moong Dal,Bread,Raw Rice,Toor Dal,Toothpaste"
221,"Bread,Sunflower Oils,Whole Spices,Banana,Honey,Glucose, Marie & Milk Biscuits"
222,"Cakes,Beans,Moong Dal,Banana,Raw Peanuts,Exotic Vegetables,Buns & Pavs"
223,"Brinjals,Sugar,Cream Biscuits,Cream Biscuits,Raisins,Root Vegetables,Moong Dal,Other Vegetables,Beans,Other Vegetables"
224,"Raw Rice,Urad Dal,Jaggery,Whole Spices,Health Drinks,Liquid Soaps & Bars,Sunflower Oils,Toor Dal,Maida,Whole Spices,Moong Dal,Whole Spices"
225,"Urad Dal,Avalakki / Poha,Whole Spices,Raw Peanuts,Other Rice Products,Moong Dal,Sooji & Rava,Sooji & Rava,Whole Spices"
226,"Other Dals,Sunflower Oils,Gourd & Cucumber,Beans,Avalakki / Poha,Cooking Paste,Raw Peanuts"
227,"Brinjals,Regular Pasta,Whole Spices,Root Vegetables,Other Vegetables,Sunflower Oils,Sooji & Rava"
228,"Root Vegetables,Beans,Exotic Vegetables,Health Drinks,Other Vegetables,Exotic Vegetables,Exotic Vegetables,Toor Dal,Sugar"
229,"Other Dals,Sooji & Rava,Other Dals,Sugar,Namkeen,Namkeen,Urad Dal,Namkeen,Toor Dal,Cooking Sauce,Whole Spices,Other Dals,Chinese Noodles"
230,"Brinjals,Other Vegetables,Beans,Brinjals,Other Vegetables,Banana"
231,"Cooking Paste,Namkeen,Other Rice Products,Moong Dal,Whole Spices,Other Rice Products,Other Vegetables,Whole Grains,Whole Spices,Other Dals,Sugar,Raw Rice,Sooji & Rava,Banana"
232,"Toor Dal,Other Dals,Other Rice Products,Agarbatti,Whole Spices,Sooji & Rava,Other Dals,Organic Flours,Whole Spices,Whole Spices"
233,"Sugar,Raw Peanuts,Other Dals,Moong Dal,Powdered Spices,Whole Spices,Whole Spices"
234,"Other Dals,Whole Spices,Other Dals,Brinjals,Root Vegetables,Other Dals"
235,"Other Vegetables,Other Dals,Banana,Root Vegetables,Sooji & Rava,Gourd & Cucumber,Raisins,Other Vegetables,Sugar,Raw Rice"
236,"Whole Spices,Toor Dal,Whole Spices,Raw Rice,Moong Dal,Sugar,Sooji & Rava,Jaggery,Raisins,Ground Coffee"
237,"Whole Spices,Moong Dal,Cashews,Other Dals,Beans,Bread,Whole Spices"
238,"Boiled Rice,Sugar,Whole Spices,Cooking Paste,Urad Dal,Other Vegetables,Liquid Soaps & Bars,Other Dals,Beans"
239,"Exotic Vegetables,Sooji & Rava,Cooking Paste,Liquid Soaps & Bars,Other Vegetables,Root Vegetables,Namkeen,Other Dals"
240,"Sooji & Rava,Raisins,Toothpaste,Other Dry Fruits,Other Rice Products,Whole Spices,Almonds,Maida,Raisins,Other Dry Fruits,Sunflower Oils,Shaving Cream, Foam & Gels"
241,"Sugar Cubes,Other Vegetables,Gourd & Cucumber,Maida,Other Vegetables,Namkeen,Beans,Namkeen,Moong Dal,Brinjals,Gourd & Cucumber,Mango Juices,Moong Dal"
242,"Almonds,Toothpaste,Other Oils,Raw Rice,Other Dry Fruits,Brinjals,Gourd & Cucumber,Root Vegetables,Sugar"
243,"Exotic Vegetables,Root Vegetables,Beans,Vermicelli,Boiled Rice,Sooji & Rava,Root Vegetables,Whole Spices,Whole Spices,Other Vegetables"
244,"Moong Dal,Other Dals,Whole Spices,Other Dals,Besan,Other Dals,Salty Biscuits,Other Dals,Whole Spices,Other Dals"
245,"Other Vegetables,Health Drinks,Raw Rice,Boiled Rice,Root Vegetables,Root Vegetables"
246,"Besan,Toor Dal,Other Vegetables,Avalakki / Poha,Other Vegetables,Gourd & Cucumber,Root Vegetables"
247,"Other Dals,Sooji & Rava,Urad Dal,Other Dals,Toor Dal,Cashews,Urad Dal"
248,"Cream Biscuits,Namkeen,Namkeen,Raw Rice,Toor Dal,Namkeen,Snacky Nuts,Namkeen,Chips,Other Dals"
249,"Cashews,Brinjals,Other Dals,Ice Creams & Desserts,Cakes,Curd,Healthy Snacks"
250,"Other Dals,Sunflower Oils,Other Dals,Buns & Pavs,Toor Dal,Beans,Other Vegetables,Sugar,Root Vegetables,Ghee,Other Dals,Raw Rice,Urad Dal,Other Dals"
251,"Raisins,Moong Dal,Honey,Maida,Whole Spices,Whole Spices,Sugar,Urad Dal"
252,"Other Dals,Whole Spices,Moong Dal,Other Vegetables,Other Dals,Whole Spices,Beans,Other Dals"
253,"Gourd & Cucumber,Instant Noodles,Glucose, Marie & Milk Biscuits,Instant Noodles,Beans,Root Vegetables,Glucose, Marie & Milk Biscuits,Ground Coffee,Mosquito Repellent,Other Vegetables"
254,"Namkeen,Other Vegetables,Namkeen,Namkeen,Beans,Cream Biscuits,Root Vegetables"
255,"Urad Dal,Whole Spices,Bread,Ghee,Cream Biscuits,Other Dals,Moong Dal"
256,"Other Rice Products,Whole Spices,Whole Spices,Whole Spices,Other Dals,Urad Dal,Chilli & Soya Sauces,Whole Spices,Whole Spices,Whole Spices"
257,"Other Dals,Organic Rice & Rice Products,Whole Spices,Other Dals,Other Dals,Other Dals,Organic Masalas & Spices"
258,"Other Dals,Besan,Raw Rice,Toor Dal,Namkeen,Mustard Oils,Namkeen,Cream Biscuits"
259,"Maida,Basmati Rice,Other Dals,Namkeen,Namkeen,Other Dals"
260,"Other Vegetables,Gourd & Cucumber,Gourd & Cucumber,Beans,Brinjals,Raw Rice,Other Vegetables"
261,"Almonds,Raisins,Phenyles & Acids,Beans,Brinjals,Sugar,Other Vegetables,Besan,Sooji & Rava,Whole Spices,Cashews,Shaving Cream, Foam & Gels,Whole Spices"
262,"Toor Dal,Toor Dal,Whole Spices,Whole Spices,Other Vegetables,Root Vegetables"
263,"Whole Spices,Whole Spices,Other Dals,Whole Spices,Curd,Organic Rice & Rice Products,Toor Dal,Bread"
264,"Other Dals,Sunflower Oils,Raw Peanuts,Mosquito Repellent,Other Rice Products,Instant Noodles,Sugar,Moong Dal,Whole Spices,Whole Spices,Rice Flour,Whole Spices,Whole Spices,Salty Biscuits"
265,"Moong Dal,Other Dry Fruits,Sooji & Rava,Cashews,Raw Rice,Cooking Paste,Almonds,Raisins,Eggs,Other Dry Fruits"
266,"Moong Dal,Maida,Body Wash,Tomato Ketchup,Raw Rice,Cashews,Liquid Detergent,Ghee"
267,"Other Oils,Sugar,Agarbatti,Cream Biscuits,Namkeen,Raisins,Root Vegetables"
268,"Yogurt & Lassi,Maida,Other Vegetables,Banana,Snacky Nuts,Gourd & Cucumber"
269,"Other Vegetables,Other Vegetables,Toor Dal,Raw Peanuts,Other Dals,Other Dals,Root Vegetables"
270,"Gourd & Cucumber,Avalakki / Poha,Besan,Avalakki / Poha,Other Vegetables,Beans"
271,"Cooking Paste,Avalakki / Poha,Sooji & Rava,Whole Spices,Sugar,Cakes,Other Dry Fruits,Cooking Paste,Urad Dal,Other Dry Fruits,Raisins,Moong Dal"
272,"Organic F&V,Sooji & Rava,Urad Dal,Raw Peanuts,Banana,Other Dals,Root Vegetables,Whole Spices,Beans,Sunflower Oils,Sooji & Rava,Other Dals,Whole Spices,Avalakki / Poha,Toor Dal"
273,"Toor Dal,Whole Spices,Whole Spices,Avalakki / Poha,Namkeen,Other Vegetables,Other Vegetables,Namkeen,Shoe Polish,Other Dals"
274,"Urad Dal,Raw Rice,Raw Peanuts,Sunflower Oils,Other Dals,Liquid Soaps & Bars,Snacky Nuts"
275,"Cashews,Sooji & Rava,Namkeen,Whole Spices,Glucose, Marie & Milk Biscuits,Other Dals,Sunflower Oils,Other Dals,Sooji & Rava,Raisins,Raw Peanuts,Whole Spices,Other Dals,Other Dals,Rice Flour,Other Dals,Moong Dal,Health Drinks"
276,"Toothpaste,Health Drinks,Brinjals,Brinjals,Other Vegetables,Glucose, Marie & Milk Biscuits,Toor Dal,Root Vegetables,Root Vegetables,Beans"
277,"Agarbatti,Sugar,Other Vegetables,Whole Spices,Besan,Toothpaste,Boiled Rice,Toilet Cleaners,Basmati Rice"
278,"Raw Rice,Rice Flour,Raw Peanuts,Whole Spices,Sunflower Oils,Sunflower Oils,Whole Spices"
279,"Avalakki / Poha,Maida,Other Flours,Vermicelli,Almonds,Other Dals,Urad Dal,Sooji & Rava,Other Dals,Ground Coffee,Other Dals,Cashews,Raw Peanuts,Raisins,Other Dals"
280,"Raisins,Moong Dal,Toor Dal,Sooji & Rava,Sooji & Rava,Sugar,Jaggery,Whole Spices"
281,"Banana,Other Dals,Organic F&V,Organic F&V,Organic F&V,Other Dals,Organic F&V,Other Vegetables,Beans,Cooking Sauce"
282,"Whole Spices,Gourd & Cucumber,Urad Dal,Other Vegetables,Toor Dal,Brinjals,Other Dals,Whole Spices,Root Vegetables"
283,"Moong Dal,Sugar Cubes,Chilli & Soya Sauces,Sugar,Chilli & Soya Sauces,Oats,Whole Spices,Other Dals"
284,"Whole Spices,Other Dals,Whole Spices,Other Dals,Other Vegetables,Whole Spices,Other Vegetables,Banana,Sugar,Whole Spices,Whole Spices,Raw Rice,Toor Dal,Brinjals,Other Dals,Whole Spices,Whole Spices"
285,"Other Rice Products,Sooji & Rava,Liquid Soaps & Bars,Raw Peanuts,Whole Spices,Whole Spices,Toor Dal,Sooji & Rava"
286,"Other Vegetables,Exotic Vegetables,Aluminium Foil & Cling Wrap,Bread,Other Dry Fruits,Other Dry Fruits,Bread,Other Vegetables,Cashews,Organic F&V,Raisins,Organic F&V"
287,"Exotic Vegetables,Other Flours,Yogurt & Lassi,Organic Flours,Organic F&V,Organic F&V,Organic F&V,Yogurt & Lassi,Instant Pastas,Banana"
288,"Namkeen,Other Flours,Other Rice Products,Beans,Avalakki / Poha,Root Vegetables"
289,"Other Dals,Moong Dal,Other Vegetables,Other Dals,Toor Dal,Root Vegetables,Other Dals,Raw Rice"
290,"Brinjals,Other Vegetables,Sooji & Rava,Sugar,Root Vegetables,Avalakki / Poha,Root Vegetables"
291,"Other Dals,Raw Rice,Rice Flour,Boiled Rice,Avalakki / Poha,Gourd & Cucumber,Other Dals,Root Vegetables"
292,"Beans,Other Vegetables,Other Dals,Root Vegetables,Other Dals,Other Vegetables,Urad Dal"
293,"Other Dals,Regular Pasta,Brinjals,Moong Dal,Sugar,Toor Dal,Whole Spices"
294,"Other Vegetables,Besan,Root Vegetables,Beans,Other Dals,Sooji & Rava,Other Dals,Maida"
295,"Other Vegetables,Moong Dal,Urad Dal,Sugar,Root Vegetables,Toor Dal"
296,"Other Dals,Brinjals,Other Vegetables,Root Vegetables,Beans,Moong Dal,Raw Rice"
297,"Snacky Nuts,Soya Products,Sugar,Toor Dal,Raisins,Root Vegetables,Cream Biscuits,Other Dals,Other Vegetables,Sugar Cubes,Raisins,Banana,Root Vegetables,Beans"
298,"Bread,Banana,Beans,Mango Juices,Raw Peanuts,Beans,Sooji & Rava"
299,"Moong Dal,Other Dals,Toor Dal,Root Vegetables,Vermicelli,Agarbatti,Beans,Other Dals,Avalakki / Poha,Organic Masalas & Spices,Sugar,Brinjals,Organic F&V"
300,"Other Rice Products,Banana,Cream Biscuits,Toor Dal,Urad Dal,Moong Dal,Corn Snacks"
301,"Whole Spices,Namkeen,Namkeen,Moong Dal,Other Rice Products,Other Dals,Jaggery,Sooji & Rava"
302,"Sunflower Oils,Beans,Sooji & Rava,Beans,Other Vegetables,Ground Coffee,Sugar,Moong Dal,Gourd & Cucumber,Brinjals,Root Vegetables,Beans"
303,"Whole Spices,Whole Spices,Cooking Paste,Cream Biscuits,Other Dals,Whole Spices,Raw Peanuts,Sugar,Sooji & Rava,Whole Spices"
304,"Root Vegetables,Healthy & Digestive Biscuits,Soya Products,Gourd & Cucumber,Other Vegetables,Other Vegetables,Almonds"
305,"Powdered Spices,Whole Spices,Organic F&V,Avalakki / Poha,Other Dals,Organic F&V,Other Flours,Liquid Soaps & Bars,Namkeen,Organic F&V,Eggs,Moong Dal,Root Vegetables,Whole Spices,Organic Flours,Namkeen,Namkeen"
306,"Whole Spices,Besan,Whole Spices,Whole Spices,Sugar,Other Dals,Moong Dal,Raw Rice,Sunflower Oils,Raw Rice,Sooji & Rava,Urad Dal,Whole Spices,Whole Spices"
307,"Whole Spices,Other Dals,Urad Dal,Sooji & Rava,Whole Spices,Besan,Toor Dal,Whole Spices,Cooking Paste,Almonds,Curd,Maida"
308,"Moong Dal,Whole Spices,Raisins,Other Dals,Cashews,Raw Rice,Moong Dal,Sugar,Other Dals"
309,"Whole Spices,Urad Dal,Other Rice Products,Toor Dal,Beans,Banana,Maida"
310,"Whole Spices,Gourd & Cucumber,Beans,Maida,Other Dals,Moong Dal,Glucose, Marie & Milk Biscuits"
311,"Urad Dal,Health Drinks,Moong Dal,Whole Spices,Boiled Rice,Whole Spices"
312,"Honey,Whole Spices,Other Dals,Other Oils,Soya Products,Glucose, Marie & Milk Biscuits,Whole Spices"
313,"Other Dry Fruits,Whole Spices,Almonds,Root Vegetables,Root Vegetables,Raw Peanuts"
314,"Root Vegetables,Raw Rice,Other Vegetables,Maida,Banana,Other Vegetables,Other Dals,Cooking Paste,Sugar"
315,"Moong Dal,Other Dals,Other Dals,Other Dals,Chilli & Soya Sauces,Moong Dal,Root Vegetables,Chilli & Soya Sauces"
316,"Moong Dal,Raw Rice,Other Dals,Whole Spices,Whole Spices,Raw Peanuts,Raisins,Besan,Toothpaste"
317,"Whole Spices,Jaggery,Cashews,Rice Flour,Other Dals,Boiled Rice,Whole Spices,Toor Dal,Toor Dal,Ground Coffee,Sugar"
318,"Other Vegetables,Cashews,Gourd & Cucumber,Brinjals,Avalakki / Poha,Basmati Rice,Cooking Paste"
319,"Vermicelli,Cashews,Organic Dals & Pulses,Maida,Organic F&V,Bread,Liquid Detergent,Ice Creams & Desserts"
320,"Jaggery,Root Vegetables,Sunflower Oils,Raisins,Whole Spices,Ghee,Whole Spices,Whole Spices,Whole Spices,Cashews,Beans,Whole Spices"
321,"Other Vegetables,Gourd & Cucumber,Beans,Other Vegetables,Beans,Brinjals,Root Vegetables"
322,"Curd,Shaving Cream, Foam & Gels,Avalakki / Poha,Curd,Beans,Other Vegetables,Root Vegetables,Shaving Blade & Razors"
323,"Toor Dal,Namkeen,Whole Spices,Urad Dal,Other Dals,Raisins,Maida"
324,"Gourd & Cucumber,Other Dals,Moong Dal,Other Dals,Toor Dal,Moong Dal,Whole Spices,Other Dals"
325,"Glucose, Marie & Milk Biscuits,Namkeen,Bread,Sooji & Rava,Namkeen,Other Vegetables,Ghee"
326,"Whole Spices,Almonds,Raisins,Cashews,Whole Spices,Cream Biscuits,Ghee"
327,"Beans,Namkeen,Cream Biscuits,Exotic Vegetables,Namkeen,Snacky Nuts,Namkeen,Namkeen,Brinjals"
328,"Maida,Bread,Organic F&V,Eggs,Banana,Organic F&V,Organic F&V"
329,"Raw Peanuts,Sooji & Rava,Root Vegetables,Other Dals,Beans,Other Dals,Bread,Salty Biscuits,Gourd & Cucumber,Glucose, Marie & Milk Biscuits"
330,"Other Vegetables,Boiled Rice,Root Vegetables,Toor Dal,Brinjals,Raw Rice,Banana"
331,"Other Vegetables,Toothpaste,Brinjals,Sunflower Oils,Root Vegetables,Beans"
332,"Raw Rice,Urad Dal,Moong Dal,Urad Dal,Whole Spices,Toor Dal,Raw Peanuts,Other Dals,Other Dals,Avalakki / Poha"
333,"Other Vegetables,Gourd & Cucumber,Brinjals,Brinjals,Gourd & Cucumber,Namkeen"
334,"Other Vegetables,Root Vegetables,Cookies,Brinjals,Other Vegetables,Other Dals,Gourd & Cucumber"
335,"Root Vegetables,Whole Spices,Raw Peanuts,Whole Spices,Organic F&V,Banana"
336,"Other Dals,Gourd & Cucumber,Other Dals,Namkeen,Namkeen,Namkeen"
337,"Rice Flour,Raw Rice,Moong Dal,Sugar,Sooji & Rava,Whole Spices,Maida,Gourd & Cucumber,Other Vegetables,Sooji & Rava,Ghee,Other Dals,Whole Spices,Root Vegetables,Raw Peanuts,Other Dals,Jaggery,Urad Dal,Beans,Other Dry Fruits"
338,"Beans,Other Dals,Bread,Gourd & Cucumber,Banana,Root Vegetables,Beans"
339,"Beans,Sooji & Rava,Whole Spices,Other Dals,Chilli & Soya Sauces,Cooking Paste,Avalakki / Poha,Other Rice Products,Toor Dal,Besan,Raw Rice,Instant Noodles,Whole Spices,Boiled Rice"
340,"Sugar,Whole Spices,Whole Spices,Raw Rice,Sugar,Toor Dal,Health Drinks,Raw Peanuts,Banana"
341,"Organic Masalas & Spices,Organic Masalas & Spices,Root Vegetables,Sooji & Rava,Other Dals,Beans,Organic F&V"
342,"Organic F&V,Root Vegetables,Other Rice Products,Soya Products,Whole Spices,Organic Salt,Sugar & Jaggery,Raw Peanuts,Cashews,Other Vegetables,Gourd & Cucumber,Toor Dal,Other Dals,Ghee"
343,"Sugar,Banana,Other Dals,Other Dals,Root Vegetables,Face Wash,Almonds,Cooking Paste,Other Dals,Exotic Vegetables,Toor Dal,Cashews"
344,"Other Vegetables,Cakes,Cakes,Root Vegetables,Cream Biscuits,Beans,Root Vegetables"
345,"Yogurt & Lassi,Toor Dal,Other Dals,Other Dry Fruits,Brinjals,Almonds,Curd"
346,"Beans,Other Vegetables,Raisins,Bread,Root Vegetables,Whole Spices,Raisins"
347,"Almonds,Avalakki / Poha,Sugar,Toor Dal,Moong Dal,Whole Spices,Urad Dal,Cooking Sauce,Other Rice Products,Jaggery,Other Dry Fruits,Cream Biscuits"
348,"Moong Dal,Namkeen,Toor Dal,Namkeen,Organic Rice & Rice Products,Yogurt & Lassi,Corn Snacks"
349,"Moong Dal,Beans,Root Vegetables,Organic Salt,Sugar & Jaggery,Organic Dals & Pulses,Organic Rice & Rice Products,Boiled Rice,Organic Dals & Pulses"
350,"Beans,Root Vegetables,Brinjals,Urad Dal,Toor Dal,Gourd & Cucumber,Boiled Rice"
351,"Other Dals,Other Dals,Other Rice Products,Raw Rice,Moong Dal,Vermicelli,Other Dals,Other Dals"
352,"Boiled Rice,Toor Dal,Liquid Soaps & Bars,Whole Spices,Whole Spices,Liquid Soaps & Bars"
353,"Sooji & Rava,Bread,Whole Grains,Whole Spices,Other Dry Fruits,Cream Biscuits,Sunflower Oils,Cream Biscuits,Ice Creams & Desserts,Whole Spices"
354,"Sooji & Rava,Moong Dal,Urad Dal,Sugar,Other Rice Products,Whole Spices,Whole Spices,Raw Rice,Whole Spices"
355,"Beans,Root Vegetables,Urad Dal,Gourd & Cucumber,Toor Dal,Ground Coffee,Buns & Pavs,Besan"
356,"Organic F&V,Organic F&V,Organic Masalas & Spices,Organic Masalas & Spices,Organic Rice & Rice Products,Organic Dals & Pulses,Exotic Vegetables,Organic Dals & Pulses"
357,"Sugar,Avalakki / Poha,Whole Spices,Moong Dal,Whole Spices,Cream Biscuits,Whole Spices,Rice Flour,Jaggery,Other Rice Products,Sooji & Rava,Other Dals,Sunflower Oils,Whole Spices,Other Dals,Other Dals,Maida,Besan,Toor Dal,Whole Spices,Other Dals"
358,"Other Vegetables,Toor Dal,Banana,Yogurt & Lassi,Root Vegetables,Raw Rice,Yogurt & Lassi"
359,"Sugar,Cookies,Brinjals,Cream Biscuits,Gourd & Cucumber,Beans,Banana,Toor Dal"
360,"Root Vegetables,Beans,Instant Noodles,Sugar,Cooking Paste,Root Vegetables,Maida,Brinjals,Other Rice Products,Other Vegetables,Jaggery"
361,"Honey,Root Vegetables,Banana,Beans,Other Dals,Cakes,Moong Dal"
362,"Whole Spices,Boiled Rice,Whole Spices,Whole Spices,Sooji & Rava,Rice Flour,Other Dals,Urad Dal,Raw Rice,Other Dals,Jaggery"
363,"Toor Dal,Moong Dal,Brinjals,Regular Pasta,Maida,Instant Noodles"
364,"Brinjals,Other Vegetables,Whole Spices,Sugar,Soya Products,Raw Rice,Sunflower Oils,Other Dals"
365,"Sugar,Gourd & Cucumber,Sunflower Oils,Whole Spices,Banana,Root Vegetables,Other Rice Products,Bread,Organic F&V,Organic Flours,Urad Dal"
366,"Other Vegetables,Namkeen,Brinjals,Namkeen,Root Vegetables,Gourd & Cucumber,Gourd & Cucumber"
367,"Root Vegetables,Raw Rice,Besan,Gourd & Cucumber,Whole Spices,Sooji & Rava,Sugar,Brinjals"
368,"Toor Dal,Whole Spices,Urad Dal,Other Dals,Whole Spices,Raw Peanuts,Moong Dal,Whole Spices,Sugar,Other Dals"
369,"Moong Dal,Banana,Raw Rice,Root Vegetables,Moong Dal,Toor Dal"
370,"Other Dals,Other Dals,Other Rice Products,Toor Dal,Other Dals,Urad Dal,Cooking Paste"
371,"Organic Salt,Sugar & Jaggery,Bread,Sunflower Oils,Namkeen,Other Dry Fruits,Organic F&V"
372,"Exotic Vegetables,Other Dals,Whole Spices,Whole Spices,Regular Pasta,Other Dals,Whole Spices,Soya Products"
373,"Sugar,Ghee,Gourd & Cucumber,Whole Spices,Whole Spices,Jaggery,Raw Rice,Moong Dal,Banana,Whole Spices"
374,"Urad Dal,Health Drinks,Whole Spices,Whole Spices,Boiled Rice,Sunflower Oils"
375,"Ghee,Brinjals,Sugar,Beans,Whole Spices,Raw Rice,Sunflower Oils"
376,"Namkeen,Namkeen,Namkeen,Whole Spices,Namkeen,Namkeen,Salty Biscuits"
377,"Beans,Chilli & Soya Sauces,Banana,Ready Mix,Ice Creams & Desserts,Toor Dal,Buns & Pavs,Honey,Whole Spices,Other Dals"
378,"Namkeen,Beans,Other Dals,Brinjals,Beans,Exotic Vegetables,Exotic Vegetables"
379,"Health Drinks,Sugar,Whole Spices,Sunflower Oils,Urad Dal,Jaggery,Moong Dal,Body Wash,Urad Dal,Other Rice Products"
380,"Whole Spices,Other Dals,Beans,Sooji & Rava,Other Vegetables,Avalakki / Poha,Vermicelli"
381,"Other Dals,Root Vegetables,Whole Spices,Other Dals,Root Vegetables,Banana,Moong Dal"
382,"Toor Dal,Cream Biscuits,Cashews,Almonds,Raw Rice,Moong Dal,Health Drinks,Jaggery,Liquid Soaps & Bars,Cashews,Whole Spices,Raisins"
383,"Ghee,Gourd & Cucumber,Whole Spices,Raisins,Raw Peanuts,Sooji & Rava,Phenyles & Acids,Beans,Sugar"
384,"Other Vegetables,Jaggery,Root Vegetables,Avalakki / Poha,Beans,Tomato Ketchup,Banana"
385,"Other Vegetables,Whole Spices,Sooji & Rava,Root Vegetables,Beans,Beans,Beans"
386,"Cookies,Besan,Other Dals,Sugar,Liquid Detergent,Sunflower Oils,Cashews"
387,"Soya Products,Moong Dal,Brinjals,Gourd & Cucumber,Brinjals,Gourd & Cucumber,Mosquito Repellent,Ghee,Root Vegetables"
388,"Other Vegetables,Beans,Whole Spices,Gourd & Cucumber,Root Vegetables,Toor Dal,Other Dals,Besan,Banana,Beans"
389,"Beans,Root Vegetables,Sugar,Urad Dal,Beans,Boiled Rice,Sunflower Oils,Root Vegetables,Other Vegetables,Instant Noodles,Toor Dal"
390,"Namkeen,Toor Dal,Raw Peanuts,Moong Dal,Moong Dal,Other Dals,Other Dals,Whole Spices,Namkeen,Other Vegetables,Other Vegetables,Other Dals,Root Vegetables"
391,"Brinjals,Other Vegetables,Root Vegetables,Exotic Vegetables,Beans,Gourd & Cucumber,Banana,Other Vegetables"
392,"Banana,Honey,Other Dals,Raw Rice,Other Dals,Namkeen,Moong Dal,Cream Biscuits,Sugar,Other Vegetables"
393,"Toor Dal,Banana,Root Vegetables,Liquid Soaps & Bars,Moong Dal,Toothpaste,Cashews,Health Drinks,Boiled Rice,Other Dals"
394,"Organic F&V,Banana,Organic Flours,Organic Dals & Pulses,Root Vegetables,Bread"
395,"Sugar,Other Vegetables,Sooji & Rava,Whole Spices,Raw Rice,Bread,Urad Dal,Maida,Toor Dal"
396,"Other Dals,Toor Dal,Gourd & Cucumber,Raisins,Other Vegetables,Other Dals"
397,"Other Dals,Sooji & Rava,Sooji & Rava,Raw Rice,Toor Dal,Avalakki / Poha,Other Rice Products,Sugar"
398,"Whole Spices,Yogurt & Lassi,Sooji & Rava,Toothpaste,Rice Flour,Curd,Whole Spices,Raw Peanuts,Moong Dal,Cashews,Toor Dal,Snacky Nuts,Whole Spices,Glucose, Marie & Milk Biscuits,Whole Spices"
399,"Root Vegetables,Toor Dal,Moong Dal,Other Vegetables,Exotic Vegetables,Other Vegetables,Other Dals,Root Vegetables"
400,"Boiled Rice,Other Rice Products,Urad Dal,Root Vegetables,Whole Spices,Banana"
401,"Toor Dal,Moong Dal,Maida,Vermicelli,Banana,Sooji & Rava,Root Vegetables"
402,"Other Rice Products,Other Dals,Other Dals,Sugar,Whole Spices,Urad Dal,Namkeen,Other Dals,Whole Spices,Namkeen,Other Dals"
403,"Other Dry Fruits,Urad Dal,Almonds,Whole Spices,Mosquito Repellent,Cashews,Root Vegetables"
404,"Brinjals,Gourd & Cucumber,Besan,Curd,Other Sweets,Other Vegetables,Beans,Root Vegetables,Other Vegetables"
405,"Maida,Gourd & Cucumber,Gourd & Cucumber,Brinjals,Beans,Exotic Vegetables,Root Vegetables"
406,"Raw Peanuts,Shaving Blade & Razors,Moong Dal,Toor Dal,Rice Flour,Other Rice Products,Whole Spices"
407,"Toor Dal,Besan,Whole Spices,Moong Dal,Raw Rice,Raw Rice,Whole Spices,Whole Spices"
408,"Other Dals,Other Vegetables,Other Dals,Other Dals,Banana,Eggs,Basmati Rice,Other Dry Fruits,Toor Dal"
409,"Other Dals,Buns & Pavs,Raw Peanuts,Sugar,Avalakki / Poha,Rice Flour,Sunflower Oils,Whole Spices,Cooking Paste,Other Dals,Jaggery,Whole Spices,Besan,Whole Spices"
410,"Whole Spices,Other Dals,Other Dry Fruits,Whole Spices,Besan,Whole Spices,Ghee"
411,"Other Dals,Namkeen,Maida,Powdered Spices,Namkeen,Sugar,Other Dals"
412,"Almonds,Whole Spices,Other Dry Fruits,Other Dals,Organic Flours,Organic Masalas & Spices,Sugar Cubes,Other Dals,Raisins"
413,"Other Dals,Raw Rice,Whole Spices,Urad Dal,Raw Peanuts,Avalakki / Poha,Sooji & Rava,Rice Flour,Toor Dal,Sunflower Oils"
414,"Sugar,Urad Dal,Whole Spices,Whole Spices,Toor Dal,Cashews,Whole Spices"
415,"Organic F&V,Whole Spices,Whole Spices,Other Dals,Raw Peanuts,Jaggery,Rice Flour,Ice Creams & Desserts,Cream Biscuits,Sooji & Rava"
416,"Sunflower Oils,Other Dals,Whole Spices,Sugar,Other Rice Products,Whole Spices,Other Vegetables,Toor Dal,Sooji & Rava,Brinjals,Other Vegetables,Urad Dal,Avalakki / Poha,Urad Dal,Health Drinks"
417,"Other Dals,Beans,Namkeen,Moong Dal,Toor Dal,Urad Dal,Namkeen,Moong Dal,Namkeen"
418,"Whole Spices,Sooji & Rava,Whole Spices,Whole Spices,Whole Spices,Bread"
419,"Urad Dal,Toor Dal,Sunflower Oils,Organic Salt,Sugar & Jaggery,Other Dals,Root Vegetables,Beans,Moong Dal,Raw Rice,Whole Spices,Moong Dal,Other Vegetables,Urad Dal,Root Vegetables,Other Dals,Other Dals,Other Dals,Other Dals"
420,"Cookies,Cream Biscuits,Cookies,Agarbatti,Cream Biscuits,Cookies,Hand Wash,Toothpaste"
421,"Sugar,Toor Dal,Toor Dal,Whole Spices,Besan,Other Dals,Glucose, Marie & Milk Biscuits,Moong Dal,Urad Dal,Liquid Soaps & Bars,Raw Peanuts,Ghee"
422,"Basmati Rice,Whole Spices,Whole Spices,Toor Dal,Maida,Moong Dal,Whole Spices,Besan,Moong Dal,Moong Dal"
423,"Ghee,Gourd & Cucumber,Urad Dal,Urad Dal,Brinjals,Other Vegetables,Rice Flour,Beans,Maida"
424,"Raisins,Toor Dal,Raisins,Cashews,Cashews,Almonds,Raw Rice,Raisins"
425,"Other Vegetables,Cooking Paste,Bread,Raw Peanuts,Sunflower Oils,Whole Spices,Cooking Paste"
426,"Raw Peanuts,Cream Biscuits,Whole Spices,Mosquito Repellent,Namkeen,Besan,Health Supplements"
427,"Whole Spices,Sooji & Rava,Agarbatti,Toor Dal,Besan,Raw Rice,Cashews,Raw Peanuts,Root Vegetables,Sugar Cubes,Sugar"
428,"Moong Dal,Glucose, Marie & Milk Biscuits,Banana,Basmati Rice,Glucose, Marie & Milk Biscuits,Other Dals"
429,"Other Vegetables,Other Dals,Other Dals,Moong Dal,Other Dals,Whole Spices,Whole Spices,Toor Dal,Other Vegetables,Brinjals"
430,"Other Dals,Other Dry Fruits,Root Vegetables,Gourd & Cucumber,Almonds,Other Vegetables,Beans,Beans"
431,"Urad Dal,Beans,Sooji & Rava,Beans,Toor Dal,Root Vegetables,Boiled Rice,Urad Dal,Other Rice Products"
432,"Organic F&V,Beans,Brinjals,Banana,Root Vegetables,Sooji & Rava,Sugar"
433,"Whole Spices,Urad Dal,Organic Dals & Pulses,Organic Dals & Pulses,Other Dals,Other Dals,Other Vegetables,Organic Masalas & Spices,Other Dals,Whole Spices,Whole Spices,Moong Dal"
434,"Raw Peanuts,Moong Dal,Whole Spices,Honey,Sugar,Avalakki / Poha,Other Oils,Toor Dal,Whole Spices,Almonds,Sooji & Rava,Whole Spices,Whole Spices,Other Dals,Whole Spices,Urad Dal,Jaggery,Sooji & Rava"
435,"Whole Spices,Raw Peanuts,Toor Dal,Sooji & Rava,Whole Spices,Cashews,Urad Dal"
436,"Whole Spices,Whole Spices,Bread,Other Vegetables,Banana,Sunflower Oils,Other Dals,Boiled Rice,Gourd & Cucumber,Liquid Detergent,Exotic Vegetables,Moong Dal,Other Vegetables,Whole Spices"
437,"Yogurt & Lassi,Cakes,Avalakki / Poha,Milk Drinks,Corn Snacks,Sooji & Rava,Toor Dal"
438,"Namkeen,Instant Noodles,Other Dals,Namkeen,Toor Dal,Other Dals,Sugar"
439,"Other Dals,Urad Dal,Raisins,Honey,Other Rice Products,Cakes,Cakes,Namkeen,Hair Colors & Dyes,Toor Dal,Whole Spices,Moong Dal,Namkeen,Sooji & Rava"
440,"Other Dals,Moong Dal,Brinjals,Moong Dal,Ghee,Other Vegetables"
441,"Banana,Beans,Curd,Bread,Brinjals,Root Vegetables"
442,"Cooking Paste,Banana,Brinjals,Root Vegetables,Namkeen,Cooking Sauce"
443,"Root Vegetables,Organic F&V,Root Vegetables,Organic F&V,Other Dry Fruits,Organic F&V"
444,"Other Vegetables,Other Dals,Other Dals,Organic F&V,Cooking Paste,Cooking Paste,Toor Dal,Gourd & Cucumber,Beans,Gourd & Cucumber"
445,"Basmati Rice,Exotic Vegetables,Gourd & Cucumber,Root Vegetables,Sugar,Glucose, Marie & Milk Biscuits,Exotic Vegetables,Other Vegetables,Sunflower Oils,Root Vegetables,Whole Spices,Instant Noodles,Exotic Vegetables"
446,"Soya Products,Sunflower Oils,Moong Dal,Rice Flour,Urad Dal,Avalakki / Poha,Toor Dal,Sooji & Rava"
447,"Brinjals,Yogurt & Lassi,Root Vegetables,Gourd & Cucumber,Buns & Pavs,Banana,Beans"
448,"Sunflower Oils,Raw Rice,Root Vegetables,Gourd & Cucumber,Urad Dal,Sooji & Rava,Toor Dal"
449,"Cookies,Moong Dal,Sunflower Oils,Toor Dal,Other Dals,Sooji & Rava,Other Dals,Other Dals,Moong Dal,Raisins"
450,"Exotic Vegetables,Moong Dal,Other Vegetables,Other Vegetables,Namkeen,Whole Spices,Moong Dal"
451,"Root Vegetables,Brinjals,Boiled Rice,Other Vegetables,Toor Dal,Other Vegetables,Whole Spices"
452,"Namkeen,Glucose, Marie & Milk Biscuits,Snacky Nuts,Namkeen,Namkeen,Namkeen,Namkeen,Snacky Nuts,Healthy Snacks,Namkeen,Namkeen,Namkeen,Namkeen,Namkeen,Namkeen,Namkeen,Namkeen,Namkeen"
453,"Other Rice Products,Gourd & Cucumber,Banana,Root Vegetables,Beans,Raw Peanuts,Sunflower Oils,Brinjals,Other Vegetables,Sooji & Rava,Sooji & Rava"
454,"Toor Dal,Whole Spices,Gourd & Cucumber,Besan,Raw Rice,Other Dals"
455,"Beans,Brinjals,Gourd & Cucumber,Brinjals,Other Vegetables,Organic F&V,Root Vegetables,Brinjals,Other Vegetables"
456,"Other Dals,Root Vegetables,Sugar,Gourd & Cucumber,Whole Spices,Beans,Beans,Root Vegetables,Whole Spices"
457,"Other Dals,Toor Dal,Beans,Moong Dal,Other Dals,Sugar,Raw Peanuts,Root Vegetables"
458,"Other Dals,Whole Spices,Gourd & Cucumber,Brinjals,Exotic Vegetables,Banana,Toor Dal,Salty Biscuits,Sugar,Root Vegetables"
459,"Whole Spices,Sooji & Rava,Other Dals,Avalakki / Poha,Sooji & Rava,Sugar,Raw Rice,Boiled Rice"
460,"Beans,Root Vegetables,Toor Dal,Boiled Rice,Organic F&V,Exotic Vegetables,Banana,Eggs"
461,"Toffee & Candy,Moong Dal,Gourd & Cucumber,Cooking Paste,Other Vegetables,Agarbatti,Brinjals,Gourd & Cucumber,Salty Biscuits"
462,"Other Dals,Raw Peanuts,Urad Dal,Root Vegetables,Other Dals,Avalakki / Poha,Raw Rice"
463,"Liquid Soaps & Bars,Toor Dal,Cream Biscuits,Moong Dal,Sooji & Rava,Gourd & Cucumber,Other Vegetables,Rice Flour,Basmati Rice,Sooji & Rava"
464,"Other Vegetables,Cream Biscuits,Other Flours,Organic F&V,Root Vegetables,Organic F&V,Regular Pasta,Shaving Cream, Foam & Gels"
465,"Whole Spices,Besan,Organic F&V,Beans,Gourd & Cucumber,Root Vegetables,Other Vegetables,Beans"
466,"Mosquito Repellent,Sugar,Namkeen,Namkeen,Sugar,Moong Dal"
467,"Avalakki / Poha,Yogurt & Lassi,Sooji & Rava,Root Vegetables,Sunflower Oils,Moong Dal,Toothpaste,Health Drinks,Toor Dal,Moong Dal"
468,"Jaggery,Moong Dal,Raisins,Beans,Gourd & Cucumber,Cashews"
469,"Whole Spices,Beans,Root Vegetables,Other Vegetables,Whole Spices,Moong Dal,Cooking Paste,Whole Spices,Other Dals"
470,"Whole Spices,Whole Spices,Whole Spices,Toor Dal,Moong Dal,Whole Spices,Raw Rice,Gourd & Cucumber,Sunflower Oils"
471,"Whole Spices,Other Dals,Whole Spices,Maida,Whole Spices,Raw Peanuts,Other Dals,Health Drinks,Toor Dal,Sugar"
472,"Exotic Vegetables,Brinjals,Exotic Vegetables,Toor Dal,Organic Dals & Pulses,Organic F&V,Beans,Almonds"
473,"Namkeen,Namkeen,Whole Spices,Beans,Root Vegetables,Gourd & Cucumber"
474,"Organic F&V,Organic F&V,Organic F&V,Ghee,Root Vegetables,Organic F&V,Brinjals,Organic F&V"
475,"Whole Spices,Namkeen,Namkeen,Moong Dal,Cooking Paste,Whole Spices,Whole Spices,Whole Spices"
476,"Whole Spices,Raw Rice,Toor Dal,Whole Spices,Other Rice Products,Root Vegetables,Sunflower Oils"
477,"Sugar,Sooji & Rava,Other Rice Products,Other Vegetables,Banana,Sugar,Urad Dal,Root Vegetables"
478,"Other Dals,Whole Spices,Organic Masalas & Spices,Toor Dal,Sooji & Rava,Whole Spices,Mosquito Repellent,Organic Masalas & Spices,Other Dals,Whole Spices"
479,"Cashews,Almonds,Avalakki / Poha,Other Dry Fruits,Whole Spices,Whole Spices,Whole Spices,Sugar,Raw Peanuts,Avalakki / Poha,Namkeen,Sooji & Rava"
480,"Other Dry Fruits,Almonds,Other Vegetables,Banana,Beans,Other Dry Fruits,Jaggery"
481,"Whole Spices,Cashews,Raw Peanuts,Other Dals,Toor Dal,Other Dals,Other Dals,Whole Spices,Other Dals,Root Vegetables"
482,"Organic F&V,Root Vegetables,Whole Spices,Root Vegetables,Whole Spices,Whole Spices,Exotic Vegetables"
483,"Other Dals,Other Dals,Toor Dal,Raw Rice,Other Dals,Avalakki / Poha"
484,"Sugar,Whole Spices,Whole Spices,Avalakki / Poha,Sunflower Oils,Raw Rice,Other Flours,Raw Peanuts,Toor Dal,Other Rice Products"
485,"Raisins,Moong Dal,Cashews,Liquid Soaps & Bars,Other Dals,Other Dals,Whole Spices,Glucose, Marie & Milk Biscuits,Basmati Rice"
486,"Sugar,Root Vegetables,Toor Dal,Other Dals,Other Vegetables,Other Vegetables,Raw Rice,Moong Dal"
487,"Sooji & Rava,Sunflower Oils,Jaggery,Whole Spices,Toor Dal,Agarbatti,Whole Spices,Namkeen,Mosquito Repellent,Other Rice Products,Maida,Glucose, Marie & Milk Biscuits,Avalakki / Poha,Sunflower Oils"
488,"Whole Spices,Beans,Beans,Brinjals,Gourd & Cucumber,Toor Dal,Sunflower Oils,Raw Rice,Sugar,Banana"
489,"Sugar,Banana,Other Vegetables,Other Dals,Other Dals,Sooji & Rava,Other Dals"
490,"Toor Dal,Urad Dal,Boiled Rice,Raw Rice,Banana,Diapers & Wipes,Root Vegetables,Beans,Other Rice Products"
491,"Other Vegetables,Beans,Sooji & Rava,Sooji & Rava,Other Rice Products,Other Rice Products,Vermicelli"
492,"Other Dals,Other Dals,Toor Dal,Gourd & Cucumber,Banana,Moong Dal,Exotic Vegetables"
493,"Toor Dal,Ghee,Sugar,Raisins,Shaving Blade & Razors,Besan,Cashews"
494,"Moong Dal,Sugar,Other Dals,Toor Dal,Other Dals,Whole Spices,Other Dals"
495,"Raw Rice,Sugar,Sooji & Rava,Raw Peanuts,Sooji & Rava,Urad Dal,Whole Spices,Cream Biscuits,Cashews,Whole Spices,Whole Spices,Sooji & Rava"
496,"Whole Spices,Sooji & Rava,Powdered Spices,Avalakki / Poha,Urad Dal,Moong Dal,Rice Flour,Maida,Whole Spices,Whole Spices,Other Dals"
497,"Organic F&V,Exotic Vegetables,Cooking Paste,Exotic Vegetables,Toor Dal,Root Vegetables,Other Dals,Eggs,Organic F&V,Exotic Vegetables,Sugar,Other Dals,Other Vegetables"
498,"Gourd & Cucumber,Other Vegetables,Urad Dal,Whole Spices,Beans,Beans,Raw Peanuts,Root Vegetables,Avalakki / Poha,Other Dry Fruits"
499,"Other Rice Products,Whole Spices,Other Vegetables,Whole Spices,Other Dals,Moong Dal,Gourd & Cucumber"
500,"Beans,Gourd & Cucumber,Raw Rice,Namkeen,Jaggery,Cooking Paste,Whole Spices,Moong Dal,Namkeen,Almonds"
501,"Namkeen,Moong Dal,Namkeen,Other Dals,Namkeen,Namkeen"
502,"Brinjals,Beans,Organic F&V,Other Vegetables,Root Vegetables,Banana,Brinjals"
503,"Cakes,Root Vegetables,Banana,Brinjals,Ghee,Moong Dal,Raw Rice,Sunflower Oils,Toor Dal"
504,"Namkeen,Organic F&V,Root Vegetables,Organic F&V,Toor Dal,Bread,Organic F&V"
505,"Root Vegetables,Whole Spices,Sugar,Other Dals,Cream Biscuits,Brinjals,Other Vegetables,Other Dals"
506,"Raw Rice,Sugar,Whole Spices,Other Flours,Besan,Gourd & Cucumber,Gourd & Cucumber,Root Vegetables"
507,"Toor Dal,Whole Spices,Sooji & Rava,Moong Dal,Sunflower Oils,Ground Coffee"
508,"Cream Biscuits,Instant Noodles,Other Vegetables,Curd,Root Vegetables,Brinjals,Bread,Other Vegetables,Beans,Glucose, Marie & Milk Biscuits"
509,"Bread,Raisins,Whole Spices,Raw Peanuts,Rice Flour,Toor Dal,Aluminium Foil & Cling Wrap,Almonds,Whole Spices,Basmati Rice,Urad Dal,Jaggery"
510,"Raw Rice,Other Vegetables,Other Vegetables,Root Vegetables,Banana,Yogurt & Lassi"
511,"Moong Dal,Banana,Other Dals,Other Vegetables,Urad Dal,Other Dals,Brinjals"
512,"Banana,Other Vegetables,Gourd & Cucumber,Other Dry Fruits,Almonds,Root Vegetables,Health Supplements"
513,"Root Vegetables,Whole Spices,Other Flours,Raw Peanuts,Cooking Paste,Brinjals,Whole Spices,Sugar,Sooji & Rava,Mustard Oils,Chinese Noodles,Other Vegetables,Beans"
514,"Other Vegetables,Bread,Organic Dals & Pulses,Organic F&V,Other Vegetables,Gourd & Cucumber,Brinjals"
515,"Urad Dal,Moong Dal,Toor Dal,Basmati Rice,Moong Dal,Sugar,Moong Dal,Aluminium Foil & Cling Wrap,Other Dals,Whole Spices"
516,"Toor Dal,Other Dals,Urad Dal,Boiled Rice,Whole Spices,Liquid Soaps & Bars"
517,"Whole Spices,Organic F&V,Whole Spices,Whole Spices,Whole Spices,Whole Spices,Whole Spices,Other Vegetables"
518,"Moong Dal,Other Dals,Whole Spices,Other Dals,Other Dals,Raisins,Whole Spices"
519,"Raw Rice,Brinjals,Gourd & Cucumber,Root Vegetables,Sunflower Oils,Other Vegetables,Whole Spices"
520,"Other Dals,Other Vegetables,Gourd & Cucumber,Other Vegetables,Maida,Raw Rice,Other Dals"
521,"Moong Dal,Other Dry Fruits,Sugar,Namkeen,Cookies,Cashews,Toor Dal,Moong Dal"
522,"Gourd & Cucumber,Brinjals,Cream Biscuits,Beans,Organic F&V,Organic F&V,Namkeen"
523,"Other Vegetables,Sugar,Other Vegetables,Gourd & Cucumber,Whole Spices,Banana"
524,"Raw Rice,Avalakki / Poha,Root Vegetables,Beans,Exotic Vegetables,Other Rice Products,Beans,Exotic Vegetables,Whole Spices,Exotic Vegetables,Gourd & Cucumber,Other Vegetables"
525,"Raw Rice,Other Rice Products,Whole Spices,Moong Dal,Health Supplements,Liquid Soaps & Bars,Honey"
526,"Sooji & Rava,Cooking Paste,Gourd & Cucumber,Banana,Brinjals,Other Dals,Besan"
527,"Beans,Other Dals,Raw Peanuts,Other Vegetables,Whole Spices,Chilli & Soya Sauces,Brinjals,Other Dals,Chilli & Soya Sauces,Whole Spices,Whole Spices,Whole Spices"
528,"Gourd & Cucumber,Namkeen,Other Vegetables,Namkeen,Avalakki / Poha,Whole Spices,Beans,Maida"
529,"Ice Creams & Desserts,Sooji & Rava,Whole Spices,Other Dals,Other Dals,Health Drinks,Avalakki / Poha,Raw Rice,Toor Dal"
530,"Ghee,Buns & Pavs,Raw Peanuts,Namkeen,Brinjals,Root Vegetables,Cooking Paste,Raisins,Namkeen"
531,"Health Drinks,Avalakki / Poha,Organic Dals & Pulses,Sooji & Rava,Beans,Root Vegetables"
532,"Cooking Paste,Sugar,Other Dals,Jaggery,Other Dals,Moong Dal,Almonds"
533,"Sunflower Oils,Root Vegetables,Moong Dal,Other Flours,Banana,Bread,Shaving Blade & Razors,Beans"
534,"Root Vegetables,Other Vegetables,Other Dals,Sugar,Other Vegetables,Banana,Other Rice Products,Brinjals"
535,"Avalakki / Poha,Whole Spices,Exotic Vegetables,Sugar,Bread,Sooji & Rava,Avalakki / Poha"
536,"Gourd & Cucumber,Raw Rice,Sugar,Raw Peanuts,Jaggery,Ghee,Organic Rice & Rice Products,Toor Dal,Urad Dal,Other Dals,Moong Dal"
537,"Namkeen,Snacky Nuts,Jaggery,Whole Spices,Sugar,Mosquito Repellent,Healthy & Digestive Biscuits,Organic Rice & Rice Products,Honey,Liquid Soaps & Bars"
538,"Sooji & Rava,Cookies,Beans,Other Dals,Moong Dal,Raw Rice,Toor Dal"
539,"Liquid Detergent,Sunflower Oils,Sugar,Sooji & Rava,Toor Dal,Liquid Soaps & Bars,Avalakki / Poha"
540,"Namkeen,Other Rice Products,Moong Dal,Cookies,Toor Dal,Namkeen,Sooji & Rava,Other Dals,Glucose, Marie & Milk Biscuits"
541,"Whole Spices,Other Vegetables,Mosquito Repellent,Urad Dal,Cookies,Whole Spices,Other Vegetables"
542,"Cookies,Other Vegetables,Raw Rice,Sooji & Rava,Other Dals,Liquid Soaps & Bars,Sunflower Oils"
543,"Cookies,Raw Peanuts,Boiled Rice,Gourd & Cucumber,Chilli & Soya Sauces,Cookies,Beans,Toor Dal,Gourd & Cucumber"
544,"Cookies,Shaving Blade & Razors,Other Vegetables,Namkeen,Honey,Exotic Vegetables,Other Sauces,Cooking Sauce,Maida,Toor Dal"
545,"Other Dry Fruits,Cookies,Almonds,Cashews,Ghee,Raisins"
546,"Cookies,Other Dals,Ghee,Namkeen,Toor Dal,Moong Dal,Boiled Rice,Sooji & Rava,Raw Rice,Whole Spices,Maida"
547,"Organic F&V,Face Wash,Basmati Rice,Ice Creams & Desserts,Organic Dals & Pulses,Regular Pasta,Root Vegetables,Exotic Vegetables,Brinjals,Organic F&V,Organic F&V,Cashews"
548,"Bread,Cooking Paste,Honey,Other Oils,Organic Rice & Rice Products,Whole Spices,Sugar"
549,"Urad Dal,Whole Spices,Whole Spices,Cookies,Toor Dal,Other Dals,Cashews,Whole Spices,Whole Spices"
550,"Cookies,Toor Dal,Other Dals,Cream Biscuits,Sugar,Other Dals,Other Dals,Avalakki / Poha"
551,"Exotic Vegetables,Other Vegetables,Sunflower Oils,Banana,Mango Juices,Cookies,Beans"
552,"Cookies,Instant Noodles,Raw Rice,Whole Spices,Sugar,Ground Coffee"
553,"Namkeen,Salty Biscuits,Other Vegetables,Maida,Raw Rice,Other Dals,Namkeen,Other Vegetables,Besan,Whole Spices"
554,"Brinjals,Other Vegetables,Organic Rice & Rice Products,Organic F&V,Organic Flours,Organic Juices"
555,"Urad Dal,Ground Coffee,Health Drinks,Whole Spices,Sugar,Whole Spices,Moong Dal,Whole Spices,Sooji & Rava,Jaggery,Boiled Rice,Sooji & Rava,Whole Spices,Whole Spices"
556,"Maida,Whole Spices,Cream Biscuits,Urad Dal,Sooji & Rava,Raw Rice,Whole Spices,Sugar,Sunflower Oils,Toor Dal,Jaggery,Other Dals"
557,"Sugar,Other Dals,Moong Dal,Bread,Whole Spices,Sunflower Oils,Toor Dal,Health Drinks,Urad Dal,Boiled Rice"
558,"Whole Spices,Root Vegetables,Moong Dal,Sunflower Oils,Instant Pastas,Organic F&V,Whole Spices"
559,"Other Oils,Yogurt & Lassi,Root Vegetables,Brinjals,Ground Coffee,Root Vegetables"
560,"Whole Spices,Raw Peanuts,Urad Dal,Other Dals,Sunflower Oils,Whole Spices,Cooking Paste,Whole Spices"
561,"Maida,Beans,Organic Masalas & Spices,Honey,Exotic Vegetables,Shaving Blade & Razors"
562,"Whole Spices,Organic Masalas & Spices,Ghee,Bread,Toor Dal,Root Vegetables,Whole Spices,Health Drinks"
563,"Beans,Other Vegetables,Other Vegetables,Cooking Paste,Whole Spices,Brinjals,Beans"
564,"Whole Spices,Shaving Blade & Razors,Whole Spices,Other Dals,Honey,Sooji & Rava,Other Dals,Whole Spices,Whole Spices,Almonds,Whole Spices,Shaving Blade & Razors"
565,"Moong Dal,Bread,Other Dals,Root Vegetables,Whole Spices,Whole Spices,Toor Dal,Other Vegetables,Other Rice Products,Other Dals"
566,"Moong Dal,Other Dals,Raw Rice,Other Dals,Raw Peanuts,Banana,Moong Dal"
567,"Other Dals,Other Dry Fruits,Raisins,Boiled Rice,Sugar,Other Rice Products,Cashews,Raw Peanuts,Avalakki / Poha,Urad Dal"
568,"Other Vegetables,Root Vegetables,Gourd & Cucumber,Other Sweets,Beans,Ghee,Other Rice Products"
569,"Other Dals,Whole Spices,Whole Spices,Jaggery,Whole Spices,Liquid Detergent,Sugar,Moong Dal,Raw Peanuts,Rice Flour,Ghee,Other Dals,Liquid Soaps & Bars,Urad Dal,Moong Dal,Whole Spices"
570,"Exotic Vegetables,Banana,Other Dals,Raw Rice,Moong Dal,Whole Spices,Maida,Besan,Other Dals,Ghee,Other Dals"
571,"Banana,Sooji & Rava,Whole Spices,Beans,Besan,Raw Rice,Maida,Urad Dal,Sooji & Rava,Other Dry Fruits"
572,"Organic Flours,Other Dry Fruits,Other Vegetables,Organic Salt,Sugar & Jaggery,Other Dry Fruits,Organic Dals & Pulses,Whole Spices,Organic Dals & Pulses,Phenyles & Acids,Whole Spices"
573,"Jaggery,Other Dals,Other Dals,Other Dals,Mustard Oils,Moong Dal,Sugar,Namkeen,Namkeen,Other Dals,Besan,Raisins"
574,"Sugar,Urad Dal,Other Dals,Health Drinks,Other Dals,Toor Dal,Other Dals"
575,"Almonds,Whole Spices,Chilli & Soya Sauces,Powdered Spices,Namkeen,Whole Spices,Besan,Namkeen,Hand Wash,Namkeen,Whole Spices,Whole Spices"
576,"Namkeen,Other Dals,Namkeen,Sugar,Other Dals,Moong Dal,Namkeen"
577,"Whole Spices,Sugar,Sooji & Rava,Toor Dal,Whole Spices,Basmati Rice,Sooji & Rava,Urad Dal,Whole Spices,Whole Spices,Moong Dal"
578,"Other Dals,Health Drinks,Organic F&V,Sugar,Boiled Rice,Raisins,Cookies"
579,"Brinjals,Beans,Root Vegetables,Mosquito Repellent,Brinjals,Beans,Maida"
580,"Root Vegetables,Sunflower Oils,Gourd & Cucumber,Brinjals,Other Vegetables,Namkeen,Exotic Vegetables,Ghee,Namkeen"
581,"Beans,Sugar,Mango Juices,Brinjals,Other Vegetables,Root Vegetables,Banana"
582,"Beans,Organic F&V,Beans,Other Vegetables,Brinjals,Toor Dal,Basmati Rice,Whole Spices"
583,"Health Drinks,Raw Peanuts,Health Drinks,Ground Coffee,Sooji & Rava,Instant Pastas,Jaggery,Other Rice Products,Urad Dal,Avalakki / Poha"
584,"Maida,Whole Spices,Besan,Beans,Other Vegetables,Rice Flour,Gourd & Cucumber,Jaggery,Other Vegetables,Raw Peanuts,Organic F&V,Other Flours"
585,"Organic Masalas & Spices,Other Dals,Toor Dal,Root Vegetables,Other Flours,Whole Spices,Other Dals,Besan,Maida,Other Vegetables"
586,"Other Dals,Other Dals,Urad Dal,Sunflower Oils,Toor Dal,Rice Flour,Mosquito Repellent,Avalakki / Poha"
587,"Moong Dal,Chinese Noodles,Moong Dal,Other Vegetables,Toothpaste,Other Dals,Beans,Gourd & Cucumber,Avalakki / Poha"
588,"Urad Dal,Beans,Aluminium Foil & Cling Wrap,Beans,Brinjals,Gourd & Cucumber,Namkeen,Bread"
589,"Other Vegetables,Brinjals,Rice Flour,Beans,Gourd & Cucumber,Gourd & Cucumber,Brinjals"
590,"Whole Spices,Sunflower Oils,Raisins,Urad Dal,Cashews,Exotic Vegetables,Toor Dal,Whole Spices,Other Rice Products,Basmati Rice"
591,"Whole Spices,Brinjals,Whole Spices,Whole Spices,Basmati Rice,Raw Rice,Ghee,Whole Spices"
592,"Toor Dal,Other Vegetables,Beans,Moong Dal,Other Vegetables,Gourd & Cucumber"
593,"Cooking Paste,Namkeen,Cream Biscuits,Health Drinks,Avalakki / Poha,Cream Biscuits,Namkeen,Namkeen,Liquid Soaps & Bars"
594,"Banana,Root Vegetables,Bread,Brinjals,Other Rice Products,Cookies,Mosquito Repellent"
595,"Maida,Other Dals,Other Dals,Moong Dal,Cookies,Other Dry Fruits,Raw Rice"
596,"Namkeen,Other Dry Fruits,Namkeen,Namkeen,Namkeen,Other Dals,Namkeen,Moong Dal,Cookies,Jaggery,Aluminium Foil & Cling Wrap"
597,"Toor Dal,Cream Biscuits,Maida,Sunflower Oils,Cooking Paste,Other Dals,Whole Spices"
598,"Other Dals,Moong Dal,Banana,Exotic Vegetables,Raw Peanuts,Brinjals,Whole Spices"
599,"Namkeen,Bread,Moong Dal,Other Vegetables,Other Dals,Banana,Sooji & Rava,Other Dals"
600,"Other Vegetables,Whole Spices,Sugar,Sunflower Oils,Powdered Spices,Whole Spices,Gourd & Cucumber,Moong Dal"
601,"Root Vegetables,Raisins,Sugar,Brinjals,Other Vegetables,Beans,Bread,Other Dry Fruits,Gourd & Cucumber,Beans,Almonds"
602,"Banana,Yogurt & Lassi,Brinjals,Urad Dal,Sugar,Beans,Bread,Sooji & Rava"
603,"Whole Spices,Sugar,Moong Dal,Raw Peanuts,Urad Dal,Sooji & Rava,Whole Spices,Whole Spices,Avalakki / Poha"
604,"Sugar,Root Vegetables,Whole Spices,Cooking Paste,Exotic Vegetables,Cooking Paste,Other Dals,Other Vegetables,Other Dals,Chilli & Soya Sauces"
605,"Other Dals,Beans,Other Dals,Beans,Toor Dal,Gourd & Cucumber,Other Vegetables"
606,"Namkeen,Toor Dal,Raw Rice,Liquid Detergent,Whole Spices,Moong Dal,Organic Rice & Rice Products,Whole Spices,Bread"
607,"Beans,Beans,Beans,Root Vegetables,Whole Spices,Sugar,Moong Dal,Brinjals,Root Vegetables"
608,"Raw Rice,Other Dals,Whole Spices,Other Dals,Urad Dal,Raw Rice,Maida"
609,"Urad Dal,Urad Dal,Cooking Paste,Toor Dal,Beans,Instant Pastas"
610,"Other Dals,Root Vegetables,Other Dals,Beans,Sooji & Rava,Toor Dal,Other Dals,Banana,Mango Juices"
611,"Almonds,Moong Dal,Other Dry Fruits,Other Dry Fruits,Gourd & Cucumber,Root Vegetables,Other Dals,Bread"
612,"Toor Dal,Whole Spices,Cream Biscuits,Whole Spices,Sugar,Moong Dal"
613,"Namkeen,Beans,Namkeen,Namkeen,Other Vegetables,Namkeen,Cream Biscuits"
614,"Vermicelli,Sugar,Whole Spices,Moong Dal,Banana,Ground Coffee,Cashews,Sooji & Rava,Urad Dal,Raisins,Health Drinks,Moong Dal,Other Dals,Other Dals"
615,"Whole Spices,Chilli & Soya Sauces,Raw Rice,Whole Spices,Other Dals,Other Dals,Moong Dal"
616,"Whole Spices,Whole Spices,Whole Spices,Whole Spices,Toor Dal,Sugar,Toilet Cleaners"
617,"Namkeen,Other Dals,Namkeen,Whole Spices,Cooking Paste,Namkeen,Snacky Nuts"
618,"Almonds,Whole Spices,Organic F&V,Gourd & Cucumber,Sooji & Rava,Sunflower Oils,Other Dry Fruits,Toor Dal,Sugar"
619,"Other Vegetables,Banana,Yogurt & Lassi,Brinjals,Other Rice Products,Other Rice Products,Boiled Rice"
620,"Whole Spices,Other Dals,Sugar,Other Dals,Besan,Urad Dal,Whole Spices,Moong Dal,Moong Dal,Other Dals,Moong Dal,Namkeen,Organic Rice & Rice Products,Raw Rice"
621,"Liquid Detergent,Yogurt & Lassi,Root Vegetables,Yogurt & Lassi,Other Dals,Raw Peanuts,Brinjals"
622,"Other Dals,Other Vegetables,Root Vegetables,Toor Dal,Other Dals,Brinjals,Other Vegetables"
623,"Moong Dal,Aluminium Foil & Cling Wrap,Toor Dal,Whole Spices,Health Drinks,Banana,Urad Dal,Whole Spices"
624,"Whole Spices,Whole Spices,Other Vegetables,Whole Spices,Whole Spices,Whole Spices"
625,"Banana,Gourd & Cucumber,Organic F&V,Organic F&V,Organic F&V,Organic F&V"
626,"Moong Dal,Whole Spices,Whole Spices,Other Dals,Whole Spices,Other Dals,Ground Coffee,Avalakki / Poha"
627,"Namkeen,Organic F&V,Aluminium Foil & Cling Wrap,Honey,Moong Dal,Whole Spices,Toor Dal,Root Vegetables,Banana,Raw Rice"
628,"Whole Spices,Raw Rice,Toor Dal,Raw Peanuts,Whole Spices,Other Dals,Sunflower Oils"
629,"Other Vegetables,Root Vegetables,Gourd & Cucumber,Bread,Besan,Banana"
630,"Whole Spices,Vermicelli,Whole Spices,Whole Spices,Cashews,Health Drinks,Other Dals,Whole Spices,Urad Dal,Toor Dal,Toor Dal,Raw Peanuts,Other Dals,Whole Spices"
631,"Besan,Urad Dal,Rice Flour,Sugar,Jaggery,Other Pooja Needs,Toor Dal"
632,"Toor Dal,Maida,Raisins,Other Dals,Whole Spices,Mustard Oils,Urad Dal,Cashews"
633,"Brinjals,Toor Dal,Root Vegetables,Root Vegetables,Other Vegetables,Brinjals,Gourd & Cucumber,Beans"
634,"Other Dals,Root Vegetables,Besan,Whole Spices,Beans,Sooji & Rava,Moong Dal"
635,"Toor Dal,Basmati Rice,Toor Dal,Whole Spices,Whole Spices,Hand Wash,Shoe Polish"
636,"Glucose, Marie & Milk Biscuits,Raw Peanuts,Other Dals,Moong Dal,Moong Dal,Salty Biscuits,Urad Dal,Toor Dal"
637,"Maida,Cooking Paste,Ghee,Sugar,Cooking Paste,Cream Biscuits,Whole Spices,Yogurt & Lassi"
