ID,Order,SKU,Member
1,7341985,15668381,SWCCWNZ
2,7341985,15668688,SWCCWNZ
3,7341985,15668460,SWCCWNZ
4,7341985,15668379,SWCCWNZ
5,7341985,15669878,SWCCWNZ
6,7344710,15668381,SWRHERW
7,7344710,15669780,SWRHERW
8,7344710,15668688,SWRHERW
9,7344710,15668378,SWRHERW
10,7344710,15668379,SWRHERW
11,7345164,15668688,SWCENNH
12,7345164,15668460,SWCENNH
13,7345164,15669878,SWCENNH
14,7345164,15669780,SWCENNH
15,7345164,15669863,SWCENNH
16,7347668,15668381,SSZZLEO
17,7347668,15668688,SSZZLEO
18,7347668,15668379,SSZZLEO
19,7347668,15668460,SSZZLEO
20,7347668,15669878,SSZZLEO
21,7348817,15668460,SSSELNE
22,7348817,15668379,SSSELNE
23,7348817,15669878,SSSELNE
24,7348817,15668688,SSSELNE
25,7348817,15669780,SSSELNE
26,7353545,15668381,SWHZENC
27,7353545,15668688,SWHZENC
28,7353545,15668379,SWHZENC
29,7353545,15668460,SWHZENC
30,7353545,15669878,SWHZENC
31,7362980,15669878,SWEOLLO
32,7362980,15668688,SWEOLLO
33,7362980,15668468,SWEOLLO
34,7362980,15669869,SWEOLLO
35,7362980,15669863,SWEOLLO
36,7366964,15668460,SWELEWW
37,7366964,15668379,SWELEWW
38,7366964,15668381,SWELEWW
39,7366964,15668688,SWELEWW
40,7366964,15669878,SWELEWW
41,7368676,15668381,SWHCZWL
42,7368676,15668460,SWHCZWL
43,7368676,15669878,SWHCZWL
44,7368676,15668379,SWHCZWL
45,7368676,15668688,SWHCZWL
46,7369866,15668460,SSWSLLZ
47,7369866,15668381,SSWSLLZ
48,7369866,15669863,SSWSLLZ
49,7369866,15669780,SSWSLLZ
50,7369866,15669760,SSWSLLZ
51,7369894,15669870,SWLRWZO
52,7369894,15669781,SWLRWZO
53,7369894,7624792,SWLRWZO
54,7369894,15669814,SWLRWZO
55,7369894,15669818,SWLRWZO
56,7370585,15668381,SWHRNRE
57,7370585,15668460,SWHRNRE
58,7370585,15668688,SWHRNRE
59,7370585,15669878,SWHRNRE
60,7370585,15669780,SWHRNRE
61,7377566,15668381,SWRHCCH
62,7377566,15668688,SWRHCCH
63,7377566,15668379,SWRHCCH
64,7377566,15669878,SWRHCCH
65,7377566,15668460,SWRHCCH
66,7381183,15668381,SWOZCRC
67,7381183,15668688,SWOZCRC
68,7381183,15669878,SWOZCRC
69,7381183,15668460,SWOZCRC
70,7381183,15668379,SWOZCRC
71,7382432,15668460,SWRHSEW
72,7382432,15668688,SWRHSEW
73,7382432,15668379,SWRHSEW
74,7382432,15669878,SWRHSEW
75,7382432,15669780,SWRHSEW
76,7382539,15668688,SWOZSEO
77,7382539,15668381,SWOZSEO
78,7382539,15668460,SWOZSEO
79,7382539,15669760,SWOZSEO
80,7382539,15668467,SWOZSEO
81,7384012,15668381,SWHRSRR
82,7384012,15668688,SWHRSRR
83,7384012,15668379,SWHRSRR
84,7384012,15668460,SWHRSRR
85,7384012,15669780,SWHRSRR
86,7387521,15668381,SSSRREW
87,7387521,15668379,SSSRREW
88,7387521,15668460,SSSRREW
89,7387521,15668688,SSSRREW
90,7387521,15669878,SSSRREW
91,7387995,15668381,SSRSNWR
92,7387995,15668688,SSRSNWR
93,7387995,15668460,SSRSNWR
94,7387995,15669878,SSRSNWR
95,7387995,15668379,SSRSNWR
96,7389900,15668381,SSZEESN
97,7389900,15668688,SSZEESN
98,7389900,15668379,SSZEESN
99,7389900,15668460,SSZEESN
100,7389900,15669878,SSZEESN
101,7397516,15668381,SWLEOEC
102,7397516,15668460,SWLEOEC
103,7397516,15669878,SWLEOEC
104,7397516,15668379,SWLEOEC
105,7397516,15668688,SWLEOEC
106,7397712,15668460,SSSZHZE
107,7397712,15669878,SSSZHZE
108,7397712,15668381,SSSZHZE
109,7397712,15668688,SSSZHZE
110,7397712,15668379,SSSZHZE
111,7399616,15669771,SSLWESH
112,7399616,15669870,SSLWESH
113,7399616,15669781,SSLWESH
114,7399616,7624792,SSLWESH
115,7399616,15669814,SSLWESH
116,7402891,15668688,SWOLLEN
117,7402891,15668460,SWOLLEN
118,7402891,15668379,SWOLLEN
119,7402891,15669878,SWOLLEN
120,7402891,15669780,SWOLLEN
121,7403298,15669832,SWLSLCC
122,7403298,15669821,SWLSLCC
123,7403298,15669863,SWLSLCC
124,7403298,15669764,SWLSLCC
125,7403298,15670251,SWLSLCC
126,7403661,15669760,SWLNRSC
127,7403661,15669863,SWLNRSC
128,7403661,15669857,SWLNRSC
129,7403661,15669832,SWLNRSC
130,7403661,15670251,SWLNRSC
131,7406145,15668688,SWLSWLN
132,7406145,15668381,SWLSWLN
133,7406145,15669878,SWLSWLN
134,7406145,15668379,SWLSWLN
135,7406145,15668460,SWLSWLN
136,7406752,15668460,SSSHZHS
137,7406752,15668379,SSSHZHS
138,7406752,15669878,SSSHZHS
139,7406752,15668467,SSSHZHS
140,7406752,15668378,SSSHZHS
141,7409204,15668381,SWLCNOE
142,7409204,15668688,SWLCNOE
143,7409204,15668379,SWLCNOE
144,7409204,15669878,SWLCNOE
145,7409204,15668467,SWLCNOE
146,7410387,15668460,SWOWNNR
147,7410387,15669878,SWOWNNR
148,7410387,15668688,SWOWNNR
149,7410387,15668467,SWOWNNR
150,7410387,15668378,SWOWNNR
151,7412276,15668381,SWCOSLL
152,7412276,15668688,SWCOSLL
153,7412276,15668379,SWCOSLL
154,7412276,15668460,SWCOSLL
155,7412276,15669878,SWCOSLL
156,7414189,15668460,SSSWOZW
157,7414189,15670251,SSSWOZW
158,7414189,15669857,SSSWOZW
159,7414189,15669878,SSSWOZW
160,7414189,15669863,SSSWOZW
161,7416338,15668381,SWEOHHL
162,7416338,15668460,SWEOHHL
163,7416338,15668379,SWEOHHL
164,7416338,15669878,SWEOHHL
165,7416338,15669780,SWEOHHL
166,7417942,15668381,SSWZEOR
167,7417942,15668460,SSWZEOR
168,7417942,15668688,SSWZEOR
169,7417942,15669878,SSWZEOR
170,7417942,15668379,SSWZEOR
171,7421133,15668379,SWEHORE
172,7421133,15668460,SWEHORE
173,7421133,15668688,SWEHORE
174,7421133,15669878,SWEHORE
175,7421133,15668378,SWEHORE
176,7431323,15668460,SWOECRH
177,7431323,15668688,SWOECRH
178,7431323,15669780,SWOECRH
179,7431323,15669878,SWOECRH
180,7431323,15668467,SWOECRH
181,7431803,15668460,SSSNORC
182,7431803,15668379,SSSNORC
183,7431803,15668688,SSSNORC
184,7431803,15669878,SSSNORC
185,7431803,15669780,SSSNORC
186,7435518,15668688,SSLSZZE
187,7435518,15669878,SSLSZZE
188,7435518,15668379,SSLSZZE
189,7435518,15668460,SSLSZZE
190,7435518,15668381,SSLSZZE
191,7436171,15668688,SSSSZSE
192,7436171,15668460,SSSSZSE
193,7436171,15668379,SSSSZSE
194,7436171,15669878,SSSSZSE
195,7436171,15668381,SSSSZSE
196,7439628,15669863,SSZZLHW
197,7439628,15669880,SSZZLHW
198,7439628,15669814,SSZZLHW
199,7439628,15669860,SSZZLHW
200,7439628,15669857,SSZZLHW
201,7440894,15668381,SSWZHRR
202,7440894,15668688,SSWZHRR
203,7440894,15668460,SSWZHRR
204,7440894,15669878,SSWZHRR
205,7440894,15668379,SSWZHRR
206,7441794,15668688,SSSZOON
207,7441794,15668460,SSSZOON
208,7441794,15668379,SSSZOON
209,7441794,15669878,SSSZOON
210,7441794,15668467,SSSZOON
211,7443402,15668460,SWOSSZE
212,7443402,15668688,SWOSSZE
213,7443402,15669878,SWOSSZE
214,7443402,15668379,SWOSSZE
215,7443402,15668381,SWOSSZE
216,7448378,15668381,SWORWHW
217,7448378,15668460,SWORWHW
218,7448378,15668379,SWORWHW
219,7448378,15669878,SWORWHW
220,7448378,15669780,SWORWHW
221,7448398,15668381,SWRNCSS
222,7448398,15668688,SWRNCSS
223,7448398,15668460,SWRNCSS
224,7448398,15669878,SWRNCSS
225,7448398,15668379,SWRNCSS
226,7450162,15668460,SWOZZCZ
227,7450162,15668688,SWOZZCZ
228,7450162,15669878,SWOZZCZ
229,7450162,15668378,SWOZZCZ
230,7450162,15669780,SWOZZCZ
231,7452011,15669771,SWHSESE
232,7452011,15669857,SWHSESE
233,7452011,15668460,SWHSESE
234,7452011,15669781,SWHSESE
235,7452011,15668379,SWHSESE
236,7454503,15668460,SWOWCRW
237,7454503,15668379,SWOWCRW
238,7454503,15669878,SWOWCRW
239,7454503,15669780,SWOWCRW
240,7454503,15668378,SWOWCRW
241,7457237,15668460,SWOLONZ
242,7457237,15668379,SWOLONZ
243,7457237,15669878,SWOLONZ
244,7457237,15668378,SWOLONZ
245,7457237,15668467,SWOLONZ
246,7459927,15668460,SWOLOWW
247,7459927,15668381,SWOLOWW
248,7459927,15669878,SWOLOWW
249,7459927,15668688,SWOLOWW
250,7459927,15668379,SWOLOWW
251,7460826,15668381,SSWLWNZ
252,7460826,15668460,SSWLWNZ
253,7460826,15668688,SSWLWNZ
254,7460826,15668379,SSWLWNZ
255,7460826,15669878,SSWLWNZ
256,7462903,15668381,SSSESRC
257,7462903,15668688,SSSESRC
258,7462903,15668460,SSSESRC
259,7462903,15669878,SSSESRC
260,7462903,15668379,SSSESRC
261,7469858,15668379,SSLRSWO
262,7469858,15668460,SSLRSWO
263,7469858,15669878,SSLRSWO
264,7469858,15669780,SSLRSWO
265,7469858,15668478,SSLRSWO
266,7470681,15668381,SWLSZSE
267,7470681,15668688,SWLSZSE
268,7470681,15668379,SWLSZSE
269,7470681,15669878,SWLSZSE
270,7470681,15668460,SWLSZSE
271,7473154,15668381,SWCRZCH
272,7473154,15668460,SWCRZCH
273,7473154,15669878,SWCRZCH
274,7473154,15668379,SWCRZCH
275,7473154,15668688,SWCRZCH
276,7476405,15668381,SWCRLZN
277,7476405,15668688,SWCRLZN
278,7476405,15669878,SWCRLZN
279,7476405,15669780,SWCRLZN
280,7476405,15668465,SWCRLZN
281,7476772,15668381,SWCZZNN
282,7476772,15668460,SWCZZNN
283,7476772,15668688,SWCZZNN
284,7476772,15668379,SWCZZNN
285,7476772,15669878,SWCZZNN
286,7480050,15668688,SWLSLOE
287,7480050,15668460,SWLSLOE
288,7480050,15668379,SWLSLOE
289,7480050,15669878,SWLSLOE
290,7480050,15668478,SWLSLOE
291,7480357,15669870,SWLNWOC
292,7480357,15669771,SWLNWOC
293,7480357,15669781,SWLNWOC
294,7480357,15669832,SWLNWOC
295,7480357,15669873,SWLNWOC
296,7481117,15669878,SSZLHES
297,7481117,15668478,SSZLHES
298,7481117,15668688,SSZLHES
299,7481117,15668467,SSZLHES
300,7481117,15669760,SSZLHES
301,7481636,15669832,SWCRRLL
302,7481636,15669857,SWCRRLL
303,7481636,15669767,SWCRRLL
304,7481636,15668381,SWCRRLL
305,7481636,15668379,SWCRRLL
306,7482551,15668381,SWHWNWL
307,7482551,15668688,SWHWNWL
308,7482551,15668460,SWHWNWL
309,7482551,15668379,SWHWNWL
310,7482551,15669878,SWHWNWL
311,7485532,15668688,SWRNESE
312,7485532,15668460,SWRNESE
313,7485532,15668381,SWRNESE
314,7485532,15669878,SWRNESE
315,7485532,15669780,SWRNESE
316,7486173,15669878,SSZLZRN
317,7486173,15668460,SSZLZRN
318,7486173,15669869,SSZLZRN
319,7486173,15669863,SSZLZRN
320,7486173,15669880,SSZLZRN
321,7486730,15668381,SSSHLHL
322,7486730,15669878,SSSHLHL
323,7486730,15668379,SSSHLHL
324,7486730,15668688,SSSHLHL
325,7486730,15669780,SSSHLHL
326,7487417,15668381,SWNWHRL
327,7487417,15668460,SWNWHRL
328,7487417,15668688,SWNWHRL
329,7487417,15668379,SWNWHRL
330,7487417,15669878,SWNWHRL
331,7489019,15668381,SWESSEO
332,7489019,15669878,SWESSEO
333,7489019,15668460,SWESSEO
334,7489019,15668688,SWESSEO
335,7489019,15668379,SWESSEO
336,7493590,15668381,SWRELHW
337,7493590,15668379,SWRELHW
338,7493590,15669878,SWRELHW
339,7493590,15668688,SWRELHW
340,7493590,15668460,SWRELHW
341,7496586,15668460,SWOEWRH
342,7496586,15668379,SWOEWRH
343,7496586,15669878,SWOEWRH
344,7496586,15668468,SWOEWRH
345,7496586,15668467,SWOEWRH
346,7497186,15668381,SWORWZH
347,7497186,15668688,SWORWZH
348,7497186,15668460,SWORWZH
349,7497186,15669878,SWORWZH
350,7497186,15668379,SWORWZH
351,7497374,15668688,SSWWZLW
352,7497374,15669878,SSWWZLW
353,7497374,15668460,SSWWZLW
354,7497374,15668381,SSWWZLW
355,7497374,15669869,SSWWZLW
356,7498596,15669863,SWERCNR
357,7498596,15669777,SWERCNR
358,7498596,15669864,SWERCNR
359,7498596,15669821,SWERCNR
360,7498596,15668381,SWERCNR
361,7501860,15668381,SWNNZHH
362,7501860,15668379,SWNNZHH
363,7501860,15668688,SWNNZHH
364,7501860,15669780,SWNNZHH
365,7501860,15669878,SWNNZHH
366,7503858,15668381,SWLRZNL
367,7503858,15668688,SWLRZNL
368,7503858,15668379,SWLRZNL
369,7503858,15669878,SWLRZNL
370,7503858,15668460,SWLRZNL
371,7504989,15668381,SWLECZN
372,7504989,15668379,SWLECZN
373,7504989,15668688,SWLECZN
374,7504989,15668460,SWLECZN
375,7504989,15669878,SWLECZN
376,7515099,15668460,SWHLSNW
377,7515099,15669780,SWHLSNW
378,7515099,15668381,SWHLSNW
379,7515099,15668688,SWHLSNW
380,7515099,15669878,SWHLSNW
381,7516989,15669878,SWRHHWL
382,7516989,15668460,SWRHHWL
383,7516989,15668467,SWRHHWL
384,7516989,15669863,SWRHHWL
385,7516989,15668468,SWRHHWL
386,7517068,15668379,SSWWENC
387,7517068,15668460,SSWWENC
388,7517068,15669878,SSWWENC
389,7517068,15668467,SSWWENC
390,7517068,15668378,SSWWENC
391,7517755,15668688,SSZEWNZ
392,7517755,15668460,SSZEWNZ
393,7517755,15668379,SSZEWNZ
394,7517755,15669878,SSZEWNZ
395,7517755,15668467,SSZEWNZ
396,7518687,15668460,SWNEESC
397,7518687,15668688,SWNEESC
398,7518687,15669878,SWNEESC
399,7518687,15668381,SWNEESC
400,7518687,15668379,SWNEESC
401,7525683,15669814,SWOCNOH
402,7525683,15669863,SWOCNOH
403,7525683,15669771,SWOCNOH
404,7525683,15668460,SWOCNOH
405,7525683,15669870,SWOCNOH
406,7526450,15669857,SWNLZNW
407,7526450,15668379,SWNLZNW
408,7526450,15669863,SWNLZNW
409,7526450,15668460,SWNLZNW
410,7526450,15669776,SWNLZNW
411,7527581,15668379,SWCCOLE
412,7527581,15668460,SWCCOLE
413,7527581,15668688,SWCCOLE
414,7527581,15669878,SWCCOLE
415,7527581,15669780,SWCCOLE
416,7531263,15668460,SWEEZCC
417,7531263,15668381,SWEEZCC
418,7531263,15669878,SWEEZCC
419,7531263,15668688,SWEEZCC
420,7531263,15668465,SWEEZCC
421,7533198,15668381,SSSZWHO
422,7533198,15668688,SSSZWHO
423,7533198,15669780,SSSZWHO
424,7533198,15668460,SSSZWHO
425,7533198,15668379,SSSZWHO
426,7544462,15668381,SWCRRCE
427,7544462,15668688,SWCRRCE
428,7544462,15668460,SWCRRCE
429,7544462,15669878,SWCRRCE
430,7544462,15668379,SWCRRCE
431,7551396,15668381,SWNNNER
432,7551396,15668379,SWNNNER
433,7551396,15668688,SWNNNER
434,7551396,15668460,SWNNNER
435,7551396,15669878,SWNNNER
436,7551502,15669878,SWLNLLZ
437,7551502,15668460,SWLNLLZ
438,7551502,15668379,SWLNLLZ
439,7551502,15669760,SWLNLLZ
440,7551502,15669856,SWLNLLZ
441,7552098,15668381,SWLRCRW
442,7552098,15668688,SWLRCRW
443,7552098,15668379,SWLRCRW
444,7552098,15668460,SWLRCRW
445,7552098,15669878,SWLRCRW
446,7552991,15668688,SWOLZSC
447,7552991,15668381,SWOLZSC
448,7552991,15668460,SWOLZSC
449,7552991,15669878,SWOLZSC
450,7552991,15669780,SWOLZSC
451,7558409,15668460,SWLRNLH
452,7558409,15669878,SWLRNLH
453,7558409,15668381,SWLRNLH
454,7558409,15668688,SWLRNLH
455,7558409,15669780,SWLRNLH
456,7559166,15668688,SWOOOLL
457,7559166,15668460,SWOOOLL
458,7559166,15668379,SWOOOLL
459,7559166,15669878,SWOOOLL
460,7559166,15669780,SWOOOLL
461,7559542,15668381,SWHEWCO
462,7559542,15668688,SWHEWCO
463,7559542,15668460,SWHEWCO
464,7559542,15668379,SWHEWCO
465,7559542,15669878,SWHEWCO
466,7560723,15669878,SSWWRHW
467,7560723,15668460,SSWWRHW
468,7560723,15668379,SSWWRHW
469,7560723,15668688,SSWWRHW
470,7560723,15669780,SSWWRHW
471,7565166,15668381,SWLWHWC
472,7565166,15668460,SWLWHWC
473,7565166,15668688,SWLWHWC
474,7565166,15669878,SWLWHWC
475,7565166,15669780,SWLWHWC
476,7580491,15668379,SWOLOOS
477,7580491,15668460,SWOLOOS
478,7580491,15669878,SWOLOOS
479,7580491,15669780,SWOLOOS
480,7580491,15668381,SWOLOOS
481,7581908,15669878,SWCCRWW
482,7581908,15668460,SWCCRWW
483,7581908,15668381,SWCCRWW
484,7581908,15668688,SWCCRWW
485,7581908,15668379,SWCCRWW
486,7582160,15668460,SWLSEEZ
487,7582160,15668379,SWLSEEZ
488,7582160,15669878,SWLSEEZ
489,7582160,15669780,SWLSEEZ
490,7582160,15668467,SWLSEEZ
491,7583327,15668381,SWOCOEN
492,7583327,15668688,SWOCOEN
493,7583327,15668460,SWOCOEN
494,7583327,15668379,SWOCOEN
495,7583327,15669878,SWOCOEN
496,7584632,15668688,SWLNECZ
497,7584632,15668460,SWLNECZ
498,7584632,15668381,SWLNECZ
499,7584632,15669878,SWLNECZ
500,7584632,15668379,SWLNECZ
501,7585530,15668460,SWOSCLE
502,7585530,15668379,SWOSCLE
503,7585530,15669878,SWOSCLE
504,7585530,15668468,SWOSCLE
505,7585530,15669869,SWOSCLE
506,7587534,15669878,SWNERHS
507,7587534,15669780,SWNERHS
508,7587534,15668381,SWNERHS
509,7587534,15668460,SWNERHS
510,7587534,15668378,SWNERHS
511,7587814,15668381,SWCSEHL
512,7587814,15668460,SWCSEHL
513,7587814,15668688,SWCSEHL
514,7587814,15668379,SWCSEHL
515,7587814,15669878,SWCSEHL
516,7592127,15669771,SWEENCL
517,7592127,15669870,SWEENCL
518,7592127,15669857,SWEENCL
519,7592127,7624792,SWEENCL
520,7592127,15669781,SWEENCL
521,7599737,15668688,SWCOLWE
522,7599737,15668381,SWCOLWE
523,7599737,15668460,SWCOLWE
524,7599737,15669878,SWCOLWE
525,7599737,15668379,SWCOLWE
526,7602429,15668381,SWELNZO
527,7602429,15668460,SWELNZO
528,7602429,15668688,SWELNZO
529,7602429,15669878,SWELNZO
530,7602429,15669780,SWELNZO
531,7602550,15668688,SWOSEOE
532,7602550,15669878,SWOSEOE
533,7602550,15669869,SWOSEOE
534,7602550,15669856,SWOSEOE
535,7602550,15669780,SWOSEOE
536,7603462,15668381,SWLERHS
537,7603462,15668688,SWLERHS
538,7603462,15668460,SWLERHS
539,7603462,15668379,SWLERHS
540,7603462,15669878,SWLERHS
541,7604413,15668381,SWNOLEE
542,7604413,15668460,SWNOLEE
543,7604413,15668688,SWNOLEE
544,7604413,15668379,SWNOLEE
545,7604413,15669878,SWNOLEE
546,7605272,15668381,SWOZLCN
547,7605272,15668379,SWOZLCN
548,7605272,15668460,SWOZLCN
549,7605272,15669878,SWOZLCN
550,7605272,15668688,SWOZLCN
551,7607068,15668381,SWOSCER
552,7607068,15668688,SWOSCER
553,7607068,15668379,SWOSCER
554,7607068,15668460,SWOSCER
555,7607068,15669878,SWOSCER
556,7608368,15668381,SWRCSSC
557,7608368,15668460,SWRCSSC
558,7608368,15668379,SWRCSSC
559,7608368,15668688,SWRCSSC
560,7608368,15669878,SWRCSSC
561,7611197,7624792,SWOLLLE
562,7611197,15669857,SWOLLLE
563,7611197,15669863,SWOLLLE
564,7611197,15669767,SWOLLLE
565,7611197,15669781,SWOLLLE
566,7617765,15668381,SWRCWSC
567,7617765,15668688,SWRCWSC
568,7617765,15668379,SWRCWSC
569,7617765,15668460,SWRCWSC
570,7617765,15669878,SWRCWSC
571,7618134,15668688,SWLWNWH
572,7618134,15668460,SWLWNWH
573,7618134,15669878,SWLWNWH
574,7618134,15669780,SWLWNWH
575,7618134,15668467,SWLWNWH
576,7618192,15669781,SWLLREW
577,7618192,15669870,SWLLREW
578,7618192,15669878,SWLLREW
579,7618192,15669814,SWLLREW
580,7618192,15669863,SWLLREW
581,7618684,15668381,SWOCCHL
582,7618684,15668688,SWOCCHL
583,7618684,15668460,SWOCCHL
584,7618684,15668379,SWOCCHL
585,7618684,15669878,SWOCCHL
586,7626754,15668381,SWNZLOO
587,7626754,15668688,SWNZLOO
588,7626754,15668460,SWNZLOO
589,7626754,15669878,SWNZLOO
590,7626754,15669780,SWNZLOO
591,7631002,15668381,SWHRWCO
592,7631002,15668688,SWHRWCO
593,7631002,15668460,SWHRWCO
594,7631002,15669878,SWHRWCO
595,7631002,15668379,SWHRWCO
596,7633637,15668460,SWERHHR
597,7633637,15668379,SWERHHR
598,7633637,15669878,SWERHHR
599,7633637,15669780,SWERHHR
600,7633637,15668467,SWERHHR
601,7635812,15668688,SWCWSZR
602,7635812,15669878,SWCWSZR
603,7635812,15669869,SWCWSZR
604,7635812,15669856,SWCWSZR
605,7635812,15669780,SWCWSZR
606,7637074,15668460,SWOECCE
607,7637074,15669878,SWOECCE
608,7637074,15669780,SWOECCE
609,7637074,15668478,SWOECCE
610,7637074,15668378,SWOECCE
611,7637305,15668688,SWLONHO
612,7637305,15668467,SWLONHO
613,7637305,15669878,SWLONHO
614,7637305,15668378,SWLONHO
615,7637305,15668381,SWLONHO
616,7642371,15668460,SWOOLNC
617,7642371,15668379,SWOOLNC
618,7642371,15668381,SWOOLNC
619,7642371,15669780,SWOOLNC
620,7642371,15668467,SWOOLNC
621,7653432,15668460,SWNWCOL
622,7653432,15668379,SWNWCOL
623,7653432,15668381,SWNWCOL
624,7653432,15668688,SWNWCOL
625,7653432,15669878,SWNWCOL
626,7654205,15668381,SWRHNWW
627,7654205,15668688,SWRHNWW
628,7654205,15669878,SWRHNWW
629,7654205,15668379,SWRHNWW
630,7654205,15668460,SWRHNWW
631,7656814,15668460,SWNSONN
632,7656814,15669878,SWNSONN
633,7656814,15668381,SWNSONN
634,7656814,15668379,SWNSONN
635,7656814,15668688,SWNSONN
636,7660824,15669878,SWORLSW
637,7660824,15668460,SWORLSW
638,7660824,15668381,SWORLSW
639,7660824,15668467,SWORLSW
640,7660824,15668688,SWORLSW
641,7663653,15668381,SWNEOSH
642,7663653,15668688,SWNEOSH
643,7663653,15668460,SWNEOSH
644,7663653,15669878,SWNEOSH
645,7663653,15668379,SWNEOSH
646,7671910,15668381,SWLLZEH
647,7671910,15668460,SWLLZEH
648,7671910,15668379,SWLLZEH
649,7671910,15668688,SWLLZEH
650,7671910,15669878,SWLLZEH
651,7672439,15669870,SWLLNRL
652,7672439,15669781,SWLLNRL
653,7672439,15668594,SWLLNRL
654,7672439,7624792,SWLLNRL
655,7672439,15669880,SWLLNRL
656,7675127,15669832,SWCLOCL
657,7675127,15669814,SWCLOCL
658,7675127,15669863,SWCLOCL
659,7675127,15669870,SWCLOCL
660,7675127,15669880,SWCLOCL
661,7682148,15668381,SWEEWEL
662,7682148,15668379,SWEEWEL
663,7682148,15668688,SWEEWEL
664,7682148,15669878,SWEEWEL
665,7682148,15668460,SWEEWEL
666,7682167,15668381,SWOSHSO
667,7682167,15668460,SWOSHSO
668,7682167,15668688,SWOSHSO
669,7682167,15668379,SWOSHSO
670,7682167,15669878,SWOSHSO
671,7686461,15668381,SWLOHSN
672,7686461,15668460,SWLOHSN
673,7686461,15668379,SWLOHSN
674,7686461,15668688,SWLOHSN
675,7686461,15669878,SWLOHSN
676,7686733,15668381,SWOOLHC
677,7686733,15669878,SWOOLHC
678,7686733,15668688,SWOOLHC
679,7686733,15668379,SWOOLHC
680,7686733,15668460,SWOOLHC
681,7690884,15668688,SWOSSRS
682,7690884,15669878,SWOSSRS
683,7690884,15669780,SWOSSRS
684,7690884,15668378,SWOSSRS
685,7690884,15668467,SWOSSRS
686,7694372,15669863,SWLHHWS
687,7694372,15669880,SWLHHWS
688,7694372,15669814,SWLHHWS
689,7694372,15669860,SWLHHWS
690,7694372,15669832,SWLHHWS
691,7699855,15668460,SWOHOZR
692,7699855,15668379,SWOHOZR
693,7699855,15669878,SWOHOZR
694,7699855,15669780,SWOHOZR
695,7699855,15668378,SWOHOZR
696,7700376,15668688,SWEEOEO
697,7700376,15669878,SWEEOEO
698,7700376,15669780,SWEEOEO
699,7700376,15668467,SWEEOEO
700,7700376,15668378,SWEEOEO
701,7703098,15668381,SWRENHO
702,7703098,15669878,SWRENHO
703,7703098,15668688,SWRENHO
704,7703098,15668460,SWRENHO
705,7703098,15668467,SWRENHO
706,7703517,15668381,SWNNNNE
707,7703517,15668460,SWNNNNE
708,7703517,15668688,SWNNNNE
709,7703517,15668379,SWNNNNE
710,7703517,15669878,SWNNNNE
711,7705323,15668381,SWNOCER
712,7705323,15669878,SWNOCER
713,7705323,15668688,SWNOCER
714,7705323,15668379,SWNOCER
715,7705323,15668460,SWNOCER
716,7707108,15668688,SWONWWS
717,7707108,15669878,SWONWWS
718,7707108,15669780,SWONWWS
719,7707108,15668378,SWONWWS
720,7707108,15669869,SWONWWS
721,7708176,15668688,SWRNCEH
722,7708176,15669878,SWRNCEH
723,7708176,15668460,SWRNCEH
724,7708176,15668378,SWRNCEH
725,7708176,15669863,SWRNCEH
726,7709440,15668381,SWOHCZL
727,7709440,15668688,SWOHCZL
728,7709440,15668379,SWOHCZL
729,7709440,15668460,SWOHCZL
730,7709440,15669878,SWOHCZL
731,7710637,15668381,SWCSHZW
732,7710637,15668688,SWCSHZW
733,7710637,15668379,SWCSHZW
734,7710637,15668460,SWCSHZW
735,7710637,15669878,SWCSHZW
736,7712484,15668688,SWRCHWS
737,7712484,15668381,SWRCHWS
738,7712484,15668467,SWRCHWS
739,7712484,15668460,SWRCHWS
740,7712484,15669869,SWRCHWS
741,7714867,15668381,SWLRERH
742,7714867,15668379,SWLRERH
743,7714867,15668688,SWLRERH
744,7714867,15668460,SWLRERH
745,7714867,15669878,SWLRERH
746,7717595,15668381,SWLZNHZ
747,7717595,15668460,SWLZNHZ
748,7717595,15668379,SWLZNHZ
749,7717595,15668688,SWLZNHZ
750,7717595,15669878,SWLZNHZ
751,7719372,15668381,SWLNNNE
752,7719372,15668688,SWLNNNE
753,7719372,15668460,SWLNNNE
754,7719372,15668379,SWLNNNE
755,7719372,15669878,SWLNNNE
756,7721190,15668381,SWOHCHL
757,7721190,15668379,SWOHCHL
758,7721190,15668460,SWOHCHL
759,7721190,15668688,SWOHCHL
760,7721190,15669878,SWOHCHL
761,7724198,15668460,SSZZZOE
762,7724198,15668688,SSZZZOE
763,7724198,15669878,SSZZZOE
764,7724198,15668467,SSZZZOE
765,7724198,15668378,SSZZZOE
766,7727449,15669781,SWOZZZE
767,7727449,15668460,SWOZZZE
768,7727449,15669870,SWOZZZE
769,7727449,15669771,SWOZZZE
770,7727449,15669814,SWOZZZE
771,7728660,15668460,SWOZOSC
772,7728660,15669878,SWOZOSC
773,7728660,15668688,SWOZOSC
774,7728660,15668467,SWOZOSC
775,7728660,15669863,SWOZOSC
776,7729749,15668460,SWEECSW
777,7729749,15668688,SWEECSW
778,7729749,15669878,SWEECSW
779,7729749,15669780,SWEECSW
780,7729749,15668378,SWEECSW
781,7730836,15669878,SWNNOWW
782,7730836,15668460,SWNNOWW
783,7730836,15668688,SWNNOWW
784,7730836,15669863,SWNNOWW
785,7730836,15669760,SWNNOWW
786,7733315,15668379,SWOCEOC
787,7733315,15668381,SWOCEOC
788,7733315,15668688,SWOCEOC
789,7733315,15669780,SWOCEOC
790,7733315,15668460,SWOCEOC
791,7734225,15668460,SWNSWNZ
792,7734225,15668688,SWNSWNZ
793,7734225,15668381,SWNSWNZ
794,7734225,15669878,SWNSWNZ
795,7734225,15669780,SWNSWNZ
796,7738863,15668381,SWOHOER
797,7738863,15668460,SWOHOER
798,7738863,15668379,SWOHOER
799,7738863,15668688,SWOHOER
800,7738863,15669878,SWOHOER
801,7742017,15669863,SWLRSOE
802,7742017,15669880,SWLRSOE
803,7742017,15669777,SWLRSOE
804,7742017,15669814,SWLRSOE
805,7742017,15669860,SWLRSOE
806,7742018,15668460,SWLRHRW
807,7742018,15668379,SWLRHRW
808,7742018,15669878,SWLRHRW
809,7742018,15668478,SWLRHRW
810,7742018,15668467,SWLRHRW
811,7745973,15668381,SWNRHHO
812,7745973,15668688,SWNRHHO
813,7745973,15668379,SWNRHHO
814,7745973,15668460,SWNRHHO
815,7745973,15669878,SWNRHHO
816,7748353,15668381,SWNROCL
817,7748353,15668688,SWNROCL
818,7748353,15668460,SWNROCL
819,7748353,15668379,SWNROCL
820,7748353,15669878,SWNROCL
821,7749985,15668381,SWLRHSR
822,7749985,15668688,SWLRHSR
823,7749985,15668379,SWLRHSR
824,7749985,15668460,SWLRHSR
825,7749985,15669878,SWLRHSR
826,7752825,15668381,SWNSSEW
827,7752825,15668379,SWNSSEW
828,7752825,15668460,SWNSSEW
829,7752825,15668688,SWNSSEW
830,7752825,15669878,SWNSSEW
831,7753069,15669771,SWLEOSS
832,7753069,15669781,SWLEOSS
833,7753069,15669814,SWLEOSS
834,7753069,15669863,SWLEOSS
835,7753069,15669880,SWLEOSS
836,7754398,15669878,SWOEORS
837,7754398,15669863,SWOEORS
838,7754398,15668467,SWOEORS
839,7754398,15668688,SWOEORS
840,7754398,15669814,SWOEORS
841,7756215,15669878,SWNNZOR
842,7756215,15669780,SWNNZOR
843,7756215,15668378,SWNNZOR
844,7756215,15669869,SWNNZOR
845,7756215,15669863,SWNNZOR
846,7757206,15668381,SWOCOOS
847,7757206,15668379,SWOCOOS
848,7757206,15668688,SWOCOOS
849,7757206,15669878,SWOCOOS
850,7757206,15668460,SWOCOOS
851,7757462,15669814,SWRLWHS
852,7757462,15669781,SWRLWHS
853,7757462,15669870,SWRLWHS
854,7757462,15669771,SWRLWHS
855,7757462,15668381,SWRLWHS
856,7760313,15668381,SWNHHOR
857,7760313,15668379,SWNHHOR
858,7760313,15668688,SWNHHOR
859,7760313,15668460,SWNHHOR
860,7760313,15669878,SWNHHOR
861,7762269,15669870,SWLLWNL
862,7762269,15669781,SWLLWNL
863,7762269,7624792,SWLLWNL
864,7762269,15669814,SWLLWNL
865,7762269,15669863,SWLLWNL
866,7764086,15668381,SWLEWSE
867,7764086,15668379,SWLEWSE
868,7764086,15668688,SWLEWSE
869,7764086,15668460,SWLEWSE
870,7764086,15669878,SWLEWSE
871,7764234,15668381,SWLOOSN
872,7764234,15668460,SWLOOSN
873,7764234,15668688,SWLOOSN
874,7764234,15669878,SWLOOSN
875,7764234,15668379,SWLOOSN
876,7764318,15668460,SWNCZWO
877,7764318,15668688,SWNCZWO
878,7764318,15669878,SWNCZWO
879,7764318,15668379,SWNCZWO
880,7764318,15669780,SWNCZWO
881,7764985,15668381,SWOHWWN
882,7764985,15668688,SWOHWWN
883,7764985,15668460,SWOHWWN
884,7764985,15669878,SWOHWWN
885,7764985,15668379,SWOHWWN
886,7765027,15669878,SWLEZRR
887,7765027,15668460,SWLEZRR
888,7765027,15668688,SWLEZRR
889,7765027,15669869,SWLEZRR
890,7765027,15669863,SWLEZRR
891,7765977,15668381,SWNNRHC
892,7765977,15669878,SWNNRHC
893,7765977,15668688,SWNNRHC
894,7765977,15668460,SWNNRHC
895,7765977,15669780,SWNNRHC
896,7768104,15668381,SWLWNZW
897,7768104,15668688,SWLWNZW
898,7768104,15668379,SWLWNZW
899,7768104,15668460,SWLWNZW
900,7768104,15669878,SWLWNZW
901,7771136,15668381,SWOCNOC
902,7771136,15668460,SWOCNOC
903,7771136,15668688,SWOCNOC
904,7771136,15669780,SWOCNOC
905,7771136,15669878,SWOCNOC
906,7771245,15668460,SWNEWHL
907,7771245,15668688,SWNEWHL
908,7771245,15669878,SWNEWHL
909,7771245,15669780,SWNEWHL
910,7771245,15668378,SWNEWHL
911,7775378,15668688,SWOCEEH
912,7775378,15668379,SWOCEEH
913,7775378,15668381,SWOCEEH
914,7775378,15669878,SWOCEEH
915,7775378,15668460,SWOCEEH
916,7779672,15668381,SWLNLSH
917,7779672,15668688,SWLNLSH
918,7779672,15668460,SWLNLSH
919,7779672,15668467,SWLNLSH
920,7779672,15669878,SWLNLSH
921,7782046,15668460,SWNHZEE
922,7782046,15669878,SWNHZEE
923,7782046,15668381,SWNHZEE
924,7782046,15669863,SWNHZEE
925,7782046,15669780,SWNHZEE
926,7783137,15668460,SWOERZO
927,7783137,15668379,SWOERZO
928,7783137,15668381,SWOERZO
929,7783137,15668688,SWOERZO
930,7783137,15669878,SWOERZO
931,7783825,15668381,SWNSRNC
932,7783825,15668688,SWNSRNC
933,7783825,15668460,SWNSRNC
934,7783825,15668379,SWNSRNC
935,7783825,15669878,SWNSRNC
936,7785531,15669814,SWOCLHE
937,7785531,15669857,SWOCLHE
938,7785531,15668460,SWOCLHE
939,7785531,15669781,SWOCLHE
940,7785531,15669832,SWOCLHE
941,7788465,15668688,SWNNWZZ
942,7788465,15668379,SWNNWZZ
943,7788465,15669878,SWNNWZZ
944,7788465,15668460,SWNNWZZ
945,7788465,15669869,SWNNWZZ
946,7788834,15668381,SWOOZRS
947,7788834,15668460,SWOOZRS
948,7788834,15668379,SWOOZRS
949,7788834,15668688,SWOOZRS
950,7788834,15669878,SWOOZRS
951,7791568,15669832,SWNEZSE
952,7791568,15668379,SWNEZSE
953,7791568,15669857,SWNEZSE
954,7791568,15669760,SWNEZSE
955,7791568,15668460,SWNEZSE
956,7793755,15669878,SWLWCLW
957,7793755,15668460,SWLWCLW
958,7793755,15668688,SWLWCLW
959,7793755,15668468,SWLWCLW
960,7793755,15668462,SWLWCLW
961,7795816,15668460,SWOOEZE
962,7795816,15668688,SWOOEZE
963,7795816,15669878,SWOOEZE
964,7795816,15669780,SWOOEZE
965,7795816,15668378,SWOOEZE
966,7798184,15669771,SWOSLLW
967,7798184,15669832,SWOSLLW
968,7798184,15669781,SWOSLLW
969,7798184,15669857,SWOSLLW
970,7798184,15668469,SWOSLLW
971,7801245,15668381,SWLOCLW
972,7801245,15668688,SWLOCLW
973,7801245,15668460,SWLOCLW
974,7801245,15669878,SWLOCLW
975,7801245,15668379,SWLOCLW
976,7806900,15668379,SWLWCSW
977,7806900,15669878,SWLWCSW
978,7806900,15668688,SWLWCSW
979,7806900,15668460,SWLWCSW
980,7806900,15668378,SWLWCSW
981,7808939,15668381,SWNHESZ
982,7808939,15668688,SWNHESZ
983,7808939,15668460,SWNHESZ
984,7808939,15668379,SWNHESZ
985,7808939,15669878,SWNHESZ
986,7809643,15668381,SWLHWZE
987,7809643,15668688,SWLHWZE
988,7809643,15668460,SWLHWZE
989,7809643,15668379,SWLHWZE
990,7809643,15669878,SWLHWZE
991,7812284,15669781,SWLLESL
992,7812284,15669776,SWLLESL
993,7812284,15668469,SWLLESL
994,7812284,15669832,SWLLESL
995,7812284,15669771,SWLLESL
996,7813835,15668381,SWNLOLC
997,7813835,15668460,SWNLOLC
998,7813835,15669878,SWNLOLC
999,7813835,15668379,SWNLOLC
1000,7813835,15668688,SWNLOLC
1001,7817216,15668688,SWNHNRN
1002,7817216,15668381,SWNHNRN
1003,7817216,15669878,SWNHNRN
1004,7817216,15669780,SWNHNRN
1005,7817216,15668467,SWNHNRN
1006,7819500,15668381,SWLLLCW
1007,7819500,15668688,SWLLLCW
1008,7819500,15668460,SWLLLCW
1009,7819500,15668379,SWLLLCW
1010,7819500,15669878,SWLLLCW
1011,7820348,15669878,SWLONLL
1012,7820348,15668688,SWLONLL
1013,7820348,15668468,SWLONLL
1014,7820348,15669869,SWLONLL
1015,7820348,15669863,SWLONLL
1016,7821280,15668381,SWLLZCE
1017,7821280,15668379,SWLLZCE
1018,7821280,15668460,SWLLZCE
1019,7821280,15668688,SWLLZCE
1020,7821280,15669878,SWLLZCE
1021,7824172,15668379,SWLROCE
1022,7824172,15668460,SWLROCE
1023,7824172,15669878,SWLROCE
1024,7824172,15669780,SWLROCE
1025,7824172,15668378,SWLROCE
1026,7825117,15668381,SWLHCLH
1027,7825117,15668379,SWLHCLH
1028,7825117,15668688,SWLHCLH
1029,7825117,15669878,SWLHCLH
1030,7825117,15668460,SWLHCLH
1031,7826605,15668460,SWNRWOH
1032,7826605,15668688,SWNRWOH
1033,7826605,15668381,SWNRWOH
1034,7826605,15668379,SWNRWOH
1035,7826605,15669878,SWNRWOH
1036,7826710,15669878,SWNWSCO
1037,7826710,15668460,SWNWSCO
1038,7826710,15668688,SWNWSCO
1039,7826710,15670251,SWNWSCO
1040,7826710,15669863,SWNWSCO
1041,7830364,15668381,SWNECLZ
1042,7830364,15668379,SWNECLZ
1043,7830364,15668688,SWNECLZ
1044,7830364,15668460,SWNECLZ
1045,7830364,15669878,SWNECLZ
1046,7830638,15668381,SWLSZWZ
1047,7830638,15668460,SWLSZWZ
1048,7830638,15668688,SWLSZWZ
1049,7830638,15668379,SWLSZWZ
1050,7830638,15669878,SWLSZWZ
1051,7850334,15668460,SWLLZEO
1052,7850334,15668688,SWLLZEO
1053,7850334,15668379,SWLLZEO
1054,7850334,15669878,SWLLZEO
1055,7850334,15669780,SWLLZEO
1056,7853559,15668381,SWLHSRS
1057,7853559,15668460,SWLHSRS
1058,7853559,15668379,SWLHSRS
1059,7853559,15669878,SWLHSRS
1060,7853559,15668688,SWLHSRS
1061,7862618,15668381,SWNNNES
1062,7862618,15668688,SWNNNES
1063,7862618,15668379,SWNNNES
1064,7862618,15668460,SWNNNES
1065,7862618,15669878,SWNNNES
1066,7862826,15668381,SWLOELR
1067,7862826,15668460,SWLOELR
1068,7862826,15668379,SWLOELR
1069,7862826,15668688,SWLOELR
1070,7862826,15669878,SWLOELR
1071,7863862,15668381,SWNESWN
1072,7863862,15668460,SWNESWN
1073,7863862,15668379,SWNESWN
1074,7863862,15669878,SWNESWN
1075,7863862,15669780,SWNESWN
1076,8061159,15668460,SWHRRNR
1077,8061159,15668688,SWHRRNR
1078,8061159,15668379,SWHRRNR
1079,8061159,15669878,SWHRRNR
1080,8061159,15668478,SWHRRNR
1081,8061163,15668381,SWOEOHC
1082,8061163,15668688,SWOEOHC
1083,8061163,15668379,SWOEOHC
1084,8061163,15668460,SWOEOHC
1085,8061163,15669878,SWOEOHC
1086,8061560,15668381,SSWLLSL
1087,8061560,15668688,SSWLLSL
1088,8061560,15668379,SSWLLSL
1089,8061560,15669878,SSWLLSL
1090,8061560,15669780,SSWLLSL
1091,8061961,15668381,SSSCOOH
1092,8061961,15668460,SSSCOOH
1093,8061961,15668688,SSSCOOH
1094,8061961,15668379,SSSCOOH
1095,8061961,15669878,SSSCOOH
1096,8063588,15668460,SWENCHZ
1097,8063588,15668688,SWENCHZ
1098,8063588,15669780,SWENCHZ
1099,8063588,15669878,SWENCHZ
1100,8063588,15669863,SWENCHZ
1101,8063597,15668381,SSOWEOO
1102,8063597,15668688,SSOWEOO
1103,8063597,15668379,SSOWEOO
1104,8063597,15669878,SSOWEOO
1105,8063597,15668460,SSOWEOO
1106,8063911,15669870,SWLLRNC
1107,8063911,15669781,SWLLRNC
1108,8063911,7624792,SWLLRNC
1109,8063911,15669776,SWLLRNC
1110,8063911,15669857,SWLLRNC
1111,8064356,15668381,SWHERHH
1112,8064356,15668460,SWHERHH
1113,8064356,15669780,SWHERHH
1114,8064356,15669878,SWHERHH
1115,8064356,15668688,SWHERHH
1116,8064480,15668381,SSRCENS
1117,8064480,15668688,SSRCENS
1118,8064480,15669878,SSRCENS
1119,8064480,15668460,SSRCENS
1120,8064480,15669780,SSRCENS
1121,8064972,15668381,SSORZCC
1122,8064972,15668460,SSORZCC
1123,8064972,15668688,SSORZCC
1124,8064972,15668379,SSORZCC
1125,8064972,15669878,SSORZCC
1126,8065270,15668381,SSRNLNN
1127,8065270,15668688,SSRNLNN
1128,8065270,15668379,SSRNLNN
1129,8065270,15668460,SSRNLNN
1130,8065270,15669878,SSRNLNN
1131,8065395,15668379,SSZHLRN
1132,8065395,15669878,SSZHLRN
1133,8065395,15668688,SSZHLRN
1134,8065395,15668460,SSZHLRN
1135,8065395,15669780,SSZHLRN
1136,8065400,15668460,SSLZWEN
1137,8065400,15668381,SSLZWEN
1138,8065400,15668688,SSLZWEN
1139,8065400,15669878,SSLZWEN
1140,8065400,15668379,SSLZWEN
1141,8065445,15669878,SSHCESW
1142,8065445,15668688,SSHCESW
1143,8065445,15669780,SSHCESW
1144,8065445,15669869,SSHCESW
1145,8065445,15668468,SSHCESW
1146,8065502,15668381,SWHOORR
1147,8065502,15668688,SWHOORR
1148,8065502,15668460,SWHOORR
1149,8065502,15668379,SWHOORR
1150,8065502,15669878,SWHOORR
1151,8065871,15668381,SSWCOLR
1152,8065871,15668460,SSWCOLR
1153,8065871,15668688,SSWCOLR
1154,8065871,15669878,SSWCOLR
1155,8065871,15669780,SSWCOLR
1156,8066070,15668381,SSCZESH
1157,8066070,15668688,SSCZESH
1158,8066070,15668379,SSCZESH
1159,8066070,15668460,SSCZESH
1160,8066070,15669878,SSCZESH
1161,8067510,15668381,SSZNRER
1162,8067510,15668688,SSZNRER
1163,8067510,15668460,SSZNRER
1164,8067510,15668379,SSZNRER
1165,8067510,15669878,SSZNRER
1166,8067980,15668381,SSOSOCH
1167,8067980,15668688,SSOSOCH
1168,8067980,15668379,SSOSOCH
1169,8067980,15668460,SSOSOCH
1170,8067980,15669878,SSOSOCH
1171,8069214,15668460,SSNOZHH
1172,8069214,15668381,SSNOZHH
1173,8069214,15668688,SSNOZHH
1174,8069214,15669764,SSNOZHH
1175,8069214,15669878,SSNOZHH
1176,8069362,15668381,SSRENSZ
1177,8069362,15668460,SSRENSZ
1178,8069362,15668379,SSRENSZ
1179,8069362,15668688,SSRENSZ
1180,8069362,15669878,SSRENSZ
1181,8069625,15668381,SSOHZHS
1182,8069625,15668688,SSOHZHS
1183,8069625,15669878,SSOHZHS
1184,8069625,15668379,SSOHZHS
1185,8069625,15668460,SSOHZHS
1186,8069966,15668381,SSCEHNS
1187,8069966,15668688,SSCEHNS
1188,8069966,15669878,SSCEHNS
1189,8069966,15668460,SSCEHNS
1190,8069966,15668379,SSCEHNS
1191,8070166,15668381,SSZWOZH
1192,8070166,15668460,SSZWOZH
1193,8070166,15668688,SSZWOZH
1194,8070166,15669878,SSZWOZH
1195,8070166,15669780,SSZWOZH
1196,8070264,15669781,SSRWCWC
1197,8070264,15669870,SSRWCWC
1198,8070264,15669776,SSRWCWC
1199,8070264,15669878,SSRWCWC
1200,8070264,15669771,SSRWCWC
1201,8070481,15668381,SSSWCLL
1202,8070481,15668460,SSSWCLL
1203,8070481,15668467,SSSWCLL
1204,8070481,15668688,SSSWCLL
1205,8070481,15668478,SSSWCLL
1206,8070710,15668381,SSCLCSW
1207,8070710,15668688,SSCLCSW
1208,8070710,15668379,SSCLCSW
1209,8070710,15668460,SSCLCSW
1210,8070710,15669878,SSCLCSW
1211,8070847,15669780,SWRNEHZ
1212,8070847,15669863,SWRNEHZ
1213,8070847,15668460,SWRNEHZ
1214,8070847,15668688,SWRNEHZ
1215,8070847,15669760,SWRNEHZ
1216,8071092,15668460,SSLNESH
1217,8071092,15668381,SSLNESH
1218,8071092,15668379,SSLNESH
1219,8071092,15668467,SSLNESH
1220,8071092,15668478,SSLNESH
1221,8071210,15668460,SWNORRH
1222,8071210,15668688,SWNORRH
1223,8071210,15669878,SWNORRH
1224,8071210,15668381,SWNORRH
1225,8071210,15668379,SWNORRH
1226,8071554,15669781,SSCESNS
1227,8071554,15669771,SSCESNS
1228,8071554,15669870,SSCESNS
1229,8071554,15669832,SSCESNS
1230,8071554,15669872,SSCESNS
1231,8072719,15668460,SWNZOLC
1232,8072719,15668381,SWNZOLC
1233,8072719,15669878,SWNZOLC
1234,8072719,15668688,SWNZOLC
1235,8072719,15668379,SWNZOLC
1236,8073815,15668381,SSSZCCN
1237,8073815,15668688,SSSZCCN
1238,8073815,15668379,SSSZCCN
1239,8073815,15669878,SSSZCCN
1240,8073815,15668460,SSSZCCN
1241,8073939,15669832,SSOSOEC
1242,8073939,15669857,SSOSOEC
1243,8073939,7624792,SSOSOEC
1244,8073939,15669870,SSOSOEC
1245,8073939,15669771,SSOSOEC
1246,8074318,15669857,SSHCNOH
1247,8074318,15668460,SSHCNOH
1248,8074318,15669771,SSHCNOH
1249,8074318,15668381,SSHCNOH
1250,8074318,15669870,SSHCNOH
1251,8074454,15669878,SWOWSZW
1252,8074454,15669780,SWOWSZW
1253,8074454,15668460,SWOWSZW
1254,8074454,15668378,SWOWSZW
1255,8074454,15669863,SWOWSZW
1256,8074475,15668379,SWNRLOS
1257,8074475,15668381,SWNRLOS
1258,8074475,15668460,SWNRLOS
1259,8074475,15669878,SWNRLOS
1260,8074475,15668688,SWNRLOS
1261,8074536,15668381,SSEOLNO
1262,8074536,15669878,SSEOLNO
1263,8074536,15668688,SSEOLNO
1264,8074536,15668379,SSEOLNO
1265,8074536,15668460,SSEOLNO
1266,8074820,15668688,SWCRWEH
1267,8074820,15668379,SWCRWEH
1268,8074820,15669878,SWCRWEH
1269,8074820,15669780,SWCRWEH
1270,8074820,15668378,SWCRWEH
1271,8075344,15669878,SWOSZOL
1272,8075344,15668688,SWOSZOL
1273,8075344,15668378,SWOSZOL
1274,8075344,15668467,SWOSZOL
1275,8075344,15669863,SWOSZOL
1276,8075370,15669857,SWEWWZL
1277,8075370,15669870,SWEWWZL
1278,8075370,7624792,SWEWWZL
1279,8075370,15669776,SWEWWZL
1280,8075370,15669814,SWEWWZL
1281,8075456,15669857,SWNRLEZ
1282,8075456,15668378,SWNRLEZ
1283,8075456,15669870,SWNRLEZ
1284,8075456,15669777,SWNRLEZ
1285,8075456,15669872,SWNRLEZ
1286,8075477,15669760,SSZLCSE
1287,8075477,15669863,SSZLCSE
1288,8075477,15669832,SSZLCSE
1289,8075477,15669772,SSZLCSE
1290,8075477,15668381,SSZLCSE
1291,8075506,15669857,SSRZHHN
1292,8075506,15669771,SSRZHHN
1293,8075506,15669832,SSRZHHN
1294,8075506,15669870,SSRZHHN
1295,8075506,15669760,SSRZHHN
1296,8075791,15669857,SWEHZZZ
1297,8075791,15669781,SWEHZZZ
1298,8075791,15669863,SWEHZZZ
1299,8075791,15669870,SWEHZZZ
1300,8075791,15669777,SWEHZZZ
1301,8076187,15668381,SSRHNHL
1302,8076187,15668460,SSRHNHL
1303,8076187,15668688,SSRHNHL
1304,8076187,15668379,SSRHNHL
1305,8076187,15669878,SSRHNHL
1306,8076206,15668381,SWOEZES
1307,8076206,15668688,SWOEZES
1308,8076206,15668379,SWOEZES
1309,8076206,15668460,SWOEZES
1310,8076206,15669878,SWOEZES
1311,8077366,15668460,SSCWORR
1312,8077366,15668381,SSCWORR
1313,8077366,15669878,SSCWORR
1314,8077366,15668379,SSCWORR
1315,8077366,15669780,SSCWORR
1316,8077922,15669880,SWNNRHE
1317,8077922,15668460,SWNNRHE
1318,8077922,15669878,SWNNRHE
1319,8077922,15668688,SWNNRHE
1320,8077922,15669777,SWNNRHE
1321,8078249,15668381,SWNHHOE
1322,8078249,15668688,SWNHHOE
1323,8078249,15668379,SWNHHOE
1324,8078249,15668460,SWNHHOE
1325,8078249,15669878,SWNHHOE
1326,8078727,15668460,SSHOZRZ
1327,8078727,15668381,SSHOZRZ
1328,8078727,15668379,SSHOZRZ
1329,8078727,15668478,SSHOZRZ
1330,8078727,15669878,SSHOZRZ
1331,8079264,15668381,SWNEHSL
1332,8079264,15668460,SWNEHSL
1333,8079264,15668688,SWNEHSL
1334,8079264,15668378,SWNEHSL
1335,8079264,15669780,SWNEHSL
1336,8079315,15669781,SSSHNNH
1337,8079315,15669832,SSSHNNH
1338,8079315,15669777,SSSHNNH
1339,8079315,15668688,SSSHNNH
1340,8079315,15669771,SSSHNNH
1341,8079383,15669878,SWNEHEC
1342,8079383,15668460,SWNEHEC
1343,8079383,15668688,SWNEHEC
1344,8079383,15669869,SWNEHEC
1345,8079383,15668468,SWNEHEC
1346,8080057,15668460,SSCLSCL
1347,8080057,15668688,SSCLSCL
1348,8080057,15668379,SSCLSCL
1349,8080057,15669878,SSCLSCL
1350,8080057,15668381,SSCLSCL
1351,8080218,15668381,SWCZELR
1352,8080218,15668688,SWCZELR
1353,8080218,15668460,SWCZELR
1354,8080218,15669878,SWCZELR
1355,8080218,15668379,SWCZELR
1356,8080311,15668381,SSZCWCC
1357,8080311,15668688,SSZCWCC
1358,8080311,15668460,SSZCWCC
1359,8080311,15669780,SSZCWCC
1360,8080311,15668467,SSZCWCC
1361,8080319,15668381,SSNSECH
1362,8080319,15668688,SSNSECH
1363,8080319,15668379,SSNSECH
1364,8080319,15668460,SSNSECH
1365,8080319,15669878,SSNSECH
1366,8080596,15668381,SSNLZHH
1367,8080596,15668688,SSNLZHH
1368,8080596,15668379,SSNLZHH
1369,8080596,15669878,SSNLZHH
1370,8080596,15668460,SSNLZHH
1371,8081235,15668381,SSWRLOE
1372,8081235,15668460,SSWRLOE
1373,8081235,15668688,SSWRLOE
1374,8081235,15669878,SSWRLOE
1375,8081235,15668379,SSWRLOE
1376,8081317,15668688,SWLZSNO
1377,8081317,15669878,SWLZSNO
1378,8081317,15668381,SWLZSNO
1379,8081317,15668460,SWLZSNO
1380,8081317,15668379,SWLZSNO
1381,8081573,15668381,SWORNSW
1382,8081573,15669878,SWORNSW
1383,8081573,15668460,SWORNSW
1384,8081573,15668379,SWORNSW
1385,8081573,15668688,SWORNSW
1386,8082175,15668381,SSSEWLS
1387,8082175,15668688,SSSEWLS
1388,8082175,15668460,SSSEWLS
1389,8082175,15668379,SSSEWLS
1390,8082175,15669878,SSSEWLS
1391,8082912,15668381,SWLOZWE
1392,8082912,15668688,SWLOZWE
1393,8082912,15668460,SWLOZWE
1394,8082912,15669878,SWLOZWE
1395,8082912,15668379,SWLOZWE
1396,8082957,15668381,SWNCOOR
1397,8082957,15668460,SWNCOOR
1398,8082957,15668688,SWNCOOR
1399,8082957,15668379,SWNCOOR
1400,8082957,15669878,SWNCOOR
1401,8083038,15668381,SSCWNSN
1402,8083038,15668688,SSCWNSN
1403,8083038,15668379,SSCWNSN
1404,8083038,15668460,SSCWNSN
1405,8083038,15669878,SSCWNSN
1406,8083081,15668688,SSNCWZO
1407,8083081,15669878,SSNCWZO
1408,8083081,15668460,SSNCWZO
1409,8083081,15668379,SSNCWZO
1410,8083081,15668467,SSNCWZO
1411,8083255,15668381,SSHHZRO
1412,8083255,15668688,SSHHZRO
1413,8083255,15668379,SSHHZRO
1414,8083255,15668460,SSHHZRO
1415,8083255,15669878,SSHHZRO
1416,8083357,15668381,SSSHLNW
1417,8083357,15668688,SSSHLNW
1418,8083357,15669878,SSSHLNW
1419,8083357,15669780,SSSHLNW
1420,8083357,15668379,SSSHLNW
1421,8083432,15668381,SSLLLZC
1422,8083432,15668460,SSLLLZC
1423,8083432,15668688,SSLLLZC
1424,8083432,15668379,SSLLLZC
1425,8083432,15669878,SSLLLZC
1426,8083700,15668381,SWNSCOW
1427,8083700,15668379,SWNSCOW
1428,8083700,15668688,SWNSCOW
1429,8083700,15668460,SWNSCOW
1430,8083700,15669878,SWNSCOW
1431,8084238,15668688,SSZZWOR
1432,8084238,15669878,SSZZWOR
1433,8084238,15668381,SSZZWOR
1434,8084238,15669780,SSZZWOR
1435,8084238,15668378,SSZZWOR
1436,8084306,15669870,SWOCZER
1437,8084306,15669781,SWOCZER
1438,8084306,7624792,SWOCZER
1439,8084306,15669857,SWOCZER
1440,8084306,15669814,SWOCZER
1441,8084980,15669870,SSOOWNN
1442,8084980,15669771,SSOOWNN
1443,8084980,15669818,SSOOWNN
1444,8084980,15669814,SSOOWNN
1445,8084980,15669863,SSOOWNN
1446,8084987,15668381,SSNOWOC
1447,8084987,15668688,SSNOWOC
1448,8084987,15669878,SSNOWOC
1449,8084987,15669780,SSNOWOC
1450,8084987,15668379,SSNOWOC
1451,8085270,15668381,SSLEZWR
1452,8085270,15668379,SSLEZWR
1453,8085270,15669780,SSLEZWR
1454,8085270,15668478,SSLEZWR
1455,8085270,15669878,SSLEZWR
1456,8085297,15668381,SSCSLWN
1457,8085297,15668688,SSCSLWN
1458,8085297,15668379,SSCSLWN
1459,8085297,15669878,SSCSLWN
1460,8085297,15668460,SSCSLWN
1461,8085797,15668381,SWRCLON
1462,8085797,15669780,SWRCLON
1463,8085797,15668688,SWRCLON
1464,8085797,15668379,SWRCLON
1465,8085797,15669878,SWRCLON
1466,8086954,15668381,SSOEZWZ
1467,8086954,15668460,SSOEZWZ
1468,8086954,15668379,SSOEZWZ
1469,8086954,15668688,SSOEZWZ
1470,8086954,15669878,SSOEZWZ
1471,8087273,15668688,SSCRSWO
1472,8087273,15668381,SSCRSWO
1473,8087273,15668460,SSCRSWO
1474,8087273,15669878,SSCRSWO
1475,8087273,15668379,SSCRSWO
1476,8087274,15668460,SSNNLRW
1477,8087274,15668379,SSNNLRW
1478,8087274,15668381,SSNNLRW
1479,8087274,15668688,SSNNLRW
1480,8087274,15669878,SSNNLRW
1481,8087471,15669878,SSCRESN
1482,8087471,15668460,SSCRESN
1483,8087471,15668381,SSCRESN
1484,8087471,15668688,SSCRESN
1485,8087471,15669869,SSCRESN
1486,8087495,15668688,SSCZRCZ
1487,8087495,15669878,SSCZRCZ
1488,8087495,15669780,SSCZRCZ
1489,8087495,15668468,SSCZRCZ
1490,8087495,15669863,SSCZRCZ
1491,8087997,15668460,SWCOLON
1492,8087997,15668381,SWCOLON
1493,8087997,15669780,SWCOLON
1494,8087997,15668688,SWCOLON
1495,8087997,15669878,SWCOLON
1496,8088038,15668381,SWLNZNC
1497,8088038,15668688,SWLNZNC
1498,8088038,15668460,SWLNZNC
1499,8088038,15668379,SWLNZNC
1500,8088038,15669878,SWLNZNC
1501,8088678,15668379,SWCLLSO
1502,8088678,15668460,SWCLLSO
1503,8088678,15668381,SWCLLSO
1504,8088678,15668688,SWCLLSO
1505,8088678,15669878,SWCLLSO
1506,8089109,15668381,SSLNHHC
1507,8089109,15668688,SSLNHHC
1508,8089109,15668379,SSLNHHC
1509,8089109,15668460,SSLNHHC
1510,8089109,15669878,SSLNHHC
1511,8089133,15668381,SWONORL
1512,8089133,15668379,SWONORL
1513,8089133,15668688,SWONORL
1514,8089133,15668460,SWONORL
1515,8089133,15669878,SWONORL
1516,8089178,15668381,SWCNZWC
1517,8089178,15668379,SWCNZWC
1518,8089178,15668688,SWCNZWC
1519,8089178,15668460,SWCNZWC
1520,8089178,15669878,SWCNZWC
1521,8089212,15668688,SWCNZWN
1522,8089212,15669878,SWCNZWN
1523,8089212,15668460,SWCNZWN
1524,8089212,15669780,SWCNZWN
1525,8089212,15668378,SWCNZWN
1526,8089417,15668381,SWCCRWR
1527,8089417,15668460,SWCCRWR
1528,8089417,15668688,SWCCRWR
1529,8089417,15668379,SWCCRWR
1530,8089417,15669878,SWCCRWR
1531,8089421,15668381,SSZEZHN
1532,8089421,15668688,SSZEZHN
1533,8089421,15668379,SSZEZHN
1534,8089421,15668460,SSZEZHN
1535,8089421,15669878,SSZEZHN
1536,8089497,15668381,SWHOECO
1537,8089497,15668379,SWHOECO
1538,8089497,15668688,SWHOECO
1539,8089497,15668460,SWHOECO
1540,8089497,15669878,SWHOECO
1541,8089518,15668381,SSWOSRE
1542,8089518,15668688,SSWOSRE
1543,8089518,15668379,SSWOSRE
1544,8089518,15669878,SSWOSRE
1545,8089518,15668460,SSWOSRE
1546,8090614,15668381,SWOERWC
1547,8090614,15668688,SWOERWC
1548,8090614,15668379,SWOERWC
1549,8090614,15669878,SWOERWC
1550,8090614,15668460,SWOERWC
1551,8091771,15668460,SSCRENS
1552,8091771,15668688,SSCRENS
1553,8091771,15669878,SSCRENS
1554,8091771,15668381,SSCRENS
1555,8091771,15669780,SSCRENS
1556,8091884,15668381,SSEHHWW
1557,8091884,15668460,SSEHHWW
1558,8091884,15668688,SSEHHWW
1559,8091884,15669878,SSEHHWW
1560,8091884,15668379,SSEHHWW
1561,8092443,15669772,SWOZSCZ
1562,8092443,15669760,SWOZSCZ
1563,8092443,15669863,SWOZSCZ
1564,8092443,15669857,SWOZSCZ
1565,8092443,15669832,SWOZSCZ
1566,8093760,15669832,SSESNZL
1567,8093760,15669776,SSESNZL
1568,8093760,15668460,SSESNZL
1569,8093760,15669771,SSESNZL
1570,8093760,15669857,SSESNZL
1571,8094384,15668381,SSSEWCH
1572,8094384,15668688,SSSEWCH
1573,8094384,15668379,SSSEWCH
1574,8094384,15668460,SSSEWCH
1575,8094384,15669878,SSSEWCH
1576,8094702,15668381,SSCRRRE
1577,8094702,15668460,SSCRRRE
1578,8094702,15668688,SSCRRRE
1579,8094702,15668379,SSCRRRE
1580,8094702,15669878,SSCRRRE
1581,8095702,15668379,SWRLOEC
1582,8095702,15668460,SWRLOEC
1583,8095702,15668688,SWRLOEC
1584,8095702,15668381,SWRLOEC
1585,8095702,15669878,SWRLOEC
1586,8096305,15668381,SSNEHZR
1587,8096305,15668379,SSNEHZR
1588,8096305,15668460,SSNEHZR
1589,8096305,15668688,SSNEHZR
1590,8096305,15669878,SSNEHZR
1591,8096359,15669878,SSWRLZN
1592,8096359,15669780,SSWRLZN
1593,8096359,15668460,SSWRLZN
1594,8096359,15668688,SSWRLZN
1595,8096359,15669869,SSWRLZN
1596,8096457,15669870,SWEOOLR
1597,8096457,15669781,SWEOOLR
1598,8096457,15669776,SWEOOLR
1599,8096457,15669863,SWEOOLR
1600,8096457,15669832,SWEOOLR
1601,8096786,15668381,SSLLLRR
1602,8096786,15669878,SSLLLRR
1603,8096786,15668688,SSLLLRR
1604,8096786,15669780,SSLLLRR
1605,8096786,15668378,SSLLLRR
1606,8096811,15668688,SSLZLCS
1607,8096811,15668460,SSLZLCS
1608,8096811,15669878,SSLZLCS
1609,8096811,15668379,SSLZLCS
1610,8096811,15669780,SSLZLCS
1611,8097385,15668460,SSENHNN
1612,8097385,15669878,SSENHNN
1613,8097385,15669869,SSENHNN
1614,8097385,15669863,SSENHNN
1615,8097385,15668462,SSENHNN
1616,8098117,15668381,SWNEWRZ
1617,8098117,15668460,SWNEWRZ
1618,8098117,15669878,SWNEWRZ
1619,8098117,15668379,SWNEWRZ
1620,8098117,15668688,SWNEWRZ
1621,8099163,15668688,SSRCCNE
1622,8099163,15668460,SSRCCNE
1623,8099163,15668381,SSRCCNE
1624,8099163,15669878,SSRCCNE
1625,8099163,15669780,SSRCCNE
1626,8099217,15668688,SSRLORR
1627,8099217,15669878,SSRLORR
1628,8099217,15668460,SSRLORR
1629,8099217,15669869,SSRLORR
1630,8099217,15669863,SSRLORR
1631,8099849,15669863,SSCEWZO
1632,8099849,15669777,SSCEWZO
1633,8099849,15668378,SSCEWZO
1634,8099849,15668451,SSCEWZO
1635,8099849,15669821,SSCEWZO
1636,8100379,15669857,SSRRHLE
1637,8100379,15669870,SSRRHLE
1638,8100379,15669771,SSRRHLE
1639,8100379,15669818,SSRRHLE
1640,8100379,7624792,SSRRHLE
1641,8101018,15669771,SSLREZW
1642,8101018,15669870,SSLREZW
1643,8101018,15669781,SSLREZW
1644,8101018,7624792,SSLREZW
1645,8101018,15669863,SSLREZW
1646,8101071,15668381,SSEHLRW
1647,8101071,15668688,SSEHLRW
1648,8101071,15668379,SSEHLRW
1649,8101071,15668460,SSEHLRW
1650,8101071,15669878,SSEHLRW
1651,8101152,15669857,SWRHRLL
1652,8101152,15669832,SWRHRLL
1653,8101152,15668460,SWRHRLL
1654,8101152,15668379,SWRHRLL
1655,8101152,15668381,SWRHRLL
1656,8101260,15668688,SSNORLN
1657,8101260,15669878,SSNORLN
1658,8101260,15668460,SSNORLN
1659,8101260,15669869,SSNORLN
1660,8101260,15669764,SSNORLN
1661,8101807,15668381,SSWERSN
1662,8101807,15668688,SSWERSN
1663,8101807,15668379,SSWERSN
1664,8101807,15668460,SSWERSN
1665,8101807,15669878,SSWERSN
1666,8101813,15668379,SSOHWHC
1667,8101813,15668460,SSOHWHC
1668,8101813,15668688,SSOHWHC
1669,8101813,15669878,SSOHWHC
1670,8101813,15669780,SSOHWHC
1671,8102328,15669780,SSLWEEZ
1672,8102328,15668378,SSLWEEZ
1673,8102328,15668465,SSLWEEZ
1674,8102328,15669869,SSLWEEZ
1675,8102328,15668381,SSLWEEZ
1676,8102389,15668381,SSCZSEE
1677,8102389,15668460,SSCZSEE
1678,8102389,15668688,SSCZSEE
1679,8102389,15669878,SSCZSEE
1680,8102389,15668467,SSCZSEE
1681,8102497,15669821,SSRENSN
1682,8102497,15668460,SSRENSN
1683,8102497,15669869,SSRENSN
1684,8102497,15668379,SSRENSN
1685,8102497,15670251,SSRENSN
1686,8104047,15668381,SWOZECO
1687,8104047,15668688,SWOZECO
1688,8104047,15668460,SWOZECO
1689,8104047,15668379,SWOZECO
1690,8104047,15669878,SWOZECO
1691,8104378,15668379,SSSWOLZ
1692,8104378,15668460,SSSWOLZ
1693,8104378,15669878,SSSWOLZ
1694,8104378,15669780,SSSWOLZ
1695,8104378,15668378,SSSWOLZ
1696,8105118,15668381,SWHCZNL
1697,8105118,15668688,SWHCZNL
1698,8105118,15668379,SWHCZNL
1699,8105118,15668460,SWHCZNL
1700,8105118,15669878,SWHCZNL
1701,8105205,15668381,SWRNHCS
1702,8105205,15668688,SWRNHCS
1703,8105205,15668379,SWRNHCS
1704,8105205,15668460,SWRNHCS
1705,8105205,15669878,SWRNHCS
1706,8106023,15668381,SSLOEEO
1707,8106023,15668460,SSLOEEO
1708,8106023,15668379,SSLOEEO
1709,8106023,15669878,SSLOEEO
1710,8106023,15669780,SSLOEEO
1711,8106238,15668460,SSWOOZW
1712,8106238,15668379,SSWOOZW
1713,8106238,15668381,SSWOOZW
1714,8106238,15669780,SSWOOZW
1715,8106238,15669863,SSWOOZW
1716,8106290,15668381,SWLCEZW
1717,8106290,15668688,SWLCEZW
1718,8106290,15669878,SWLCEZW
1719,8106290,15668460,SWLCEZW
1720,8106290,15668379,SWLCEZW
1721,8106451,15668460,SSCSENO
1722,8106451,15668688,SSCSENO
1723,8106451,15669878,SSCSENO
1724,8106451,15668379,SSCSENO
1725,8106451,15669780,SSCSENO
1726,8106715,15668379,SSNOSCZ
1727,8106715,15668688,SSNOSCZ
1728,8106715,15668460,SSNOSCZ
1729,8106715,15669878,SSNOSCZ
1730,8106715,15669780,SSNOSCZ
1731,8106887,15669878,SSSOOZC
1732,8106887,15668688,SSSOOZC
1733,8106887,15669863,SSSOOZC
1734,8106887,15669780,SSSOOZC
1735,8106887,15669880,SSSOOZC
1736,8107580,15668381,SSZNNNN
1737,8107580,15668379,SSZNNNN
1738,8107580,15668460,SSZNNNN
1739,8107580,15668688,SSZNNNN
1740,8107580,15669878,SSZNNNN
1741,8108141,15668381,SSRCEWZ
1742,8108141,15668460,SSRCEWZ
1743,8108141,15668688,SSRCEWZ
1744,8108141,15669760,SSRCEWZ
1745,8108141,15668378,SSRCEWZ
1746,8108248,15668688,SSSELZZ
1747,8108248,15669780,SSSELZZ
1748,8108248,15669878,SSSELZZ
1749,8108248,15668381,SSSELZZ
1750,8108248,15669863,SSSELZZ
1751,8108636,15668381,SWHZZEO
1752,8108636,15668379,SWHZZEO
1753,8108636,15668460,SWHZZEO
1754,8108636,15668688,SWHZZEO
1755,8108636,15669878,SWHZZEO
1756,8108886,15668381,SWLHONH
1757,8108886,15668460,SWLHONH
1758,8108886,15668688,SWLHONH
1759,8108886,15669878,SWLHONH
1760,8108886,15669780,SWLHONH
1761,8109052,15668460,SWCLWHL
1762,8109052,15668688,SWCLWHL
1763,8109052,15669780,SWCLWHL
1764,8109052,15669878,SWCLWHL
1765,8109052,15668381,SWCLWHL
1766,8109601,15668381,SSEWSWC
1767,8109601,15668688,SSEWSWC
1768,8109601,15668379,SSEWSWC
1769,8109601,15668460,SSEWSWC
1770,8109601,15669878,SSEWSWC
1771,8109885,15668381,SWCHLSS
1772,8109885,15668460,SWCHLSS
1773,8109885,15668379,SWCHLSS
1774,8109885,15669878,SWCHLSS
1775,8109885,15668688,SWCHLSS
1776,8110925,15668381,SSSREHN
1777,8110925,15668688,SSSREHN
1778,8110925,15668379,SSSREHN
1779,8110925,15668460,SSSREHN
1780,8110925,15669878,SSSREHN
1781,8112695,15669814,SWLNCNW
1782,8112695,15669818,SWLNCNW
1783,8112695,15669863,SWLNCNW
1784,8112695,15669870,SWLNCNW
1785,8112695,15669878,SWLNCNW
1786,8112726,15668381,SWREHOR
1787,8112726,15668460,SWREHOR
1788,8112726,15668379,SWREHOR
1789,8112726,15668688,SWREHOR
1790,8112726,15669878,SWREHOR
1791,8113176,15668379,SSWSCEN
1792,8113176,15669878,SSWSCEN
1793,8113176,15668460,SSWSCEN
1794,8113176,15668378,SSWSCEN
1795,8113176,15669869,SSWSCEN
1796,8114312,15668688,SSOHCZO
1797,8114312,15668381,SSOHCZO
1798,8114312,15668460,SSOHCZO
1799,8114312,15669878,SSOHCZO
1800,8114312,15668379,SSOHCZO
1801,8114869,15668688,SSRZESC
1802,8114869,15669878,SSRZESC
1803,8114869,15668467,SSRZESC
1804,8114869,15668381,SSRZESC
1805,8114869,15668460,SSRZESC
1806,8115812,15669832,SSCZOHR
1807,8115812,15669870,SSCZOHR
1808,8115812,15669781,SSCZOHR
1809,8115812,15669857,SSCZOHR
1810,8115812,15669814,SSCZOHR
1811,8116158,15668381,SSCSLSN
1812,8116158,15668379,SSCSLSN
1813,8116158,15669878,SSCSLSN
1814,8116158,15668460,SSCSLSN
1815,8116158,15668688,SSCSLSN
1816,8118745,15669781,SSZLLON
1817,8118745,15669832,SSZLLON
1818,8118745,15669863,SSZLLON
1819,8118745,15668460,SSZLLON
1820,8118745,15669771,SSZLLON
1821,8119388,15668381,SWLSCLN
1822,8119388,15668460,SWLSCLN
1823,8119388,15668379,SWLSCLN
1824,8119388,15668688,SWLSCLN
1825,8119388,15669878,SWLSCLN
1826,8119882,15668381,SSSORWE
1827,8119882,15668688,SSSORWE
1828,8119882,15668460,SSSORWE
1829,8119882,15668379,SSSORWE
1830,8119882,15669878,SSSORWE
1831,8120159,15668379,SWLZRZH
1832,8120159,15668460,SWLZRZH
1833,8120159,15668688,SWLZRZH
1834,8120159,15669878,SWLZRZH
1835,8120159,15669780,SWLZRZH
1836,8120360,15668381,SSHEECO
1837,8120360,15668688,SSHEECO
1838,8120360,15668460,SSHEECO
1839,8120360,15669878,SSHEECO
1840,8120360,15668379,SSHEECO
1841,8120435,15668381,SWHRZSW
1842,8120435,15668460,SWHRZSW
1843,8120435,15668379,SWHRZSW
1844,8120435,15668688,SWHRZSW
1845,8120435,15669878,SWHRZSW
1846,8120485,15668381,SWHSWOW
1847,8120485,15668460,SWHSWOW
1848,8120485,15668688,SWHSWOW
1849,8120485,15668379,SWHSWOW
1850,8120485,15669878,SWHSWOW
1851,8120702,15668381,SSZNWLH
1852,8120702,15668688,SSZNWLH
1853,8120702,15669878,SSZNWLH
1854,8120702,15668379,SSZNWLH
1855,8120702,15668460,SSZNWLH
1856,8120853,15669870,SSLSNCH
1857,8120853,15669776,SSLSNCH
1858,8120853,15668494,SSLSNCH
1859,8120853,7624792,SSLSNCH
1860,8120853,15669814,SSLSNCH
1861,8122275,15668460,SSSCOCW
1862,8122275,15669760,SSSCOCW
1863,8122275,15669832,SSSCOCW
1864,8122275,15669777,SSSCOCW
1865,8122275,15668688,SSSCOCW
1866,8122344,15668381,SSLWHRH
1867,8122344,15668688,SSLWHRH
1868,8122344,15668379,SSLWHRH
1869,8122344,15668460,SSLWHRH
1870,8122344,15669878,SSLWHRH
1871,8122589,15669760,SWOOLZW
1872,8122589,15668381,SWOOLZW
1873,8122589,15669832,SWOOLZW
1874,8122589,15669817,SWOOLZW
1875,8122589,15669821,SWOOLZW
1876,8123487,15668460,SSLSLHL
1877,8123487,15668381,SSLSLHL
1878,8123487,15668688,SSLSLHL
1879,8123487,15669878,SSLSLHL
1880,8123487,15669863,SSLSLHL
1881,8123840,15669832,SSSZWOR
1882,8123840,15669771,SSSZWOR
1883,8123840,15669781,SSSZWOR
1884,8123840,7624792,SSSZWOR
1885,8123840,15669760,SSSZWOR
1886,8124069,15669857,SSONROH
1887,8124069,15669878,SSONROH
1888,8124069,15668379,SSONROH
1889,8124069,15668381,SSONROH
1890,8124069,15668462,SSONROH
1891,8124751,15668460,SSNLSZE
1892,8124751,15669781,SSNLSZE
1893,8124751,15669818,SSNLSZE
1894,8124751,15669857,SSNLSZE
1895,8124751,15669870,SSNLSZE
1896,8125808,15668381,SWRHZOO
1897,8125808,15668688,SWRHZOO
1898,8125808,15668379,SWRHZOO
1899,8125808,15668460,SWRHZOO
1900,8125808,15669878,SWRHZOO
1901,8126177,15668381,SWLZLWS
1902,8126177,15669878,SWLZLWS
1903,8126177,15668688,SWLZLWS
1904,8126177,15668379,SWLZLWS
1905,8126177,15668460,SWLZLWS
1906,8127465,15668688,SSEWSRE
1907,8127465,15668381,SSEWSRE
1908,8127465,15669880,SSEWSRE
1909,8127465,15669780,SSEWSRE
1910,8127465,15669860,SSEWSRE
1911,8127819,15668381,SWECRER
1912,8127819,15668460,SWECRER
1913,8127819,15668688,SWECRER
1914,8127819,15669878,SWECRER
1915,8127819,15668467,SWECRER
1916,8128430,15668381,SWCEHCR
1917,8128430,15668379,SWCEHCR
1918,8128430,15668688,SWCEHCR
1919,8128430,15669878,SWCEHCR
1920,8128430,15668460,SWCEHCR
1921,8129915,15668379,SWEORLR
1922,8129915,15669878,SWEORLR
1923,8129915,15668460,SWEORLR
1924,8129915,15668478,SWEORLR
1925,8129915,15668467,SWEORLR
1926,8130134,15668381,SWONECO
1927,8130134,15668379,SWONECO
1928,8130134,15669878,SWONECO
1929,8130134,15668688,SWONECO
1930,8130134,15668460,SWONECO
1931,8131353,15669777,SWEZZLR
1932,8131353,15669872,SWEZZLR
1933,8131353,15669860,SWEZZLR
1934,8131353,15669878,SWEZZLR
1935,8131353,15669832,SWEZZLR
1936,8131359,15668688,SWHRCEO
1937,8131359,15668460,SWHRCEO
1938,8131359,15669878,SWHRCEO
1939,8131359,15668379,SWHRCEO
1940,8131359,15669780,SWHRCEO
1941,8131723,15668381,SWNRNSO
1942,8131723,15668688,SWNRNSO
1943,8131723,15668379,SWNRNSO
1944,8131723,15669878,SWNRNSO
1945,8131723,15668460,SWNRNSO
1946,8131815,15668381,SSSWORL
1947,8131815,15668379,SSSWORL
1948,8131815,15668688,SSSWORL
1949,8131815,15668460,SSSWORL
1950,8131815,15669878,SSSWORL
1951,8132311,15668381,SSRLWLN
1952,8132311,15668688,SSRLWLN
1953,8132311,15668379,SSRLWLN
1954,8132311,15669878,SSRLWLN
1955,8132311,15668460,SSRLWLN
1956,8133089,15668379,SSECELH
1957,8133089,15668688,SSECELH
1958,8133089,15668460,SSECELH
1959,8133089,15669878,SSECELH
1960,8133089,15669780,SSECELH
1961,8133653,15668381,SSERELN
1962,8133653,15668688,SSERELN
1963,8133653,15669878,SSERELN
1964,8133653,15669780,SSERELN
1965,8133653,15668379,SSERELN
1966,8133840,15668381,SWCZCSZ
1967,8133840,15668688,SWCZCSZ
1968,8133840,15668379,SWCZCSZ
1969,8133840,15668460,SWCZCSZ
1970,8133840,15669878,SWCZCSZ
1971,8133880,15668379,SSLWESO
1972,8133880,15669878,SSLWESO
1973,8133880,15668460,SSLWESO
1974,8133880,15668378,SSLWESO
1975,8133880,15669780,SSLWESO
1976,8134370,15668381,SWOSCLN
1977,8134370,15668379,SWOSCLN
1978,8134370,15668688,SWOSCLN
1979,8134370,15668460,SWOSCLN
1980,8134370,15669878,SWOSCLN
1981,8134798,15669832,SSSHLRH
1982,8134798,15669764,SSSHLRH
1983,8134798,15668688,SSSHLRH
1984,8134798,15668478,SSSHLRH
1985,8134798,15669878,SSSHLRH
1986,8135835,15668381,SSZEWOW
1987,8135835,15668460,SSZEWOW
1988,8135835,15668688,SSZEWOW
1989,8135835,15669878,SSZEWOW
1990,8135835,15668379,SSZEWOW
1991,8136393,15668381,SSWWNCH
1992,8136393,15668379,SSWWNCH
1993,8136393,15668460,SSWWNCH
1994,8136393,15669878,SSWWNCH
1995,8136393,15668688,SSWWNCH
1996,8136539,15668381,SWLLHHC
1997,8136539,15668688,SWLLHHC
1998,8136539,15668379,SWLLHHC
1999,8136539,15668460,SWLLHHC
2000,8136539,15669878,SWLLHHC
2001,8136707,15668460,SWOHNSL
2002,8136707,15668379,SWOHNSL
2003,8136707,15669878,SWOHNSL
2004,8136707,15668381,SWOHNSL
2005,8136707,15668688,SWOHNSL
2006,8137302,15668381,SSRRZSO
2007,8137302,15668379,SSRRZSO
2008,8137302,15668688,SSRRZSO
2009,8137302,15669878,SSRRZSO
2010,8137302,15668460,SSRRZSO
2011,8138170,15668381,SWEWHLO
2012,8138170,15668460,SWEWHLO
2013,8138170,15668688,SWEWHLO
2014,8138170,15668379,SWEWHLO
2015,8138170,15669878,SWEWHLO
2016,8138408,15669760,SWNZHSH
2017,8138408,7624792,SWNZHSH
2018,8138408,15669832,SWNZHSH
2019,8138408,15668594,SWNZHSH
2020,8138408,15669857,SWNZHSH
2021,8138811,15668381,SWELRWN
2022,8138811,15668460,SWELRWN
2023,8138811,15668688,SWELRWN
2024,8138811,15669878,SWELRWN
2025,8138811,15668378,SWELRWN
2026,8139620,15668460,SWCHOEW
2027,8139620,15668688,SWCHOEW
2028,8139620,15669780,SWCHOEW
2029,8139620,15669878,SWCHOEW
2030,8139620,15668462,SWCHOEW
2031,8139913,15668381,SWHOZCE
2032,8139913,15668379,SWHOZCE
2033,8139913,15668688,SWHOZCE
2034,8139913,15668460,SWHOZCE
2035,8139913,15669878,SWHOZCE
2036,8140923,15668381,SWNZHZN
2037,8140923,15668688,SWNZHZN
2038,8140923,15668460,SWNZHZN
2039,8140923,15669878,SWNZHZN
2040,8140923,15668379,SWNZHZN
2041,8141158,15668381,SWOCCOL
2042,8141158,15668460,SWOCCOL
2043,8141158,15669878,SWOCCOL
2044,8141158,15668478,SWOCCOL
2045,8141158,15669780,SWOCCOL
2046,8141498,15668381,SWLRHRL
2047,8141498,15668379,SWLRHRL
2048,8141498,15668688,SWLRHRL
2049,8141498,15668460,SWLRHRL
2050,8141498,15669878,SWLRHRL
2051,8141684,15668381,SSNCONE
2052,8141684,15668688,SSNCONE
2053,8141684,15668460,SSNCONE
2054,8141684,15669878,SSNCONE
2055,8141684,15668379,SSNCONE
2056,8141867,15669821,SSSLOHO
2057,8141867,15669777,SSSLOHO
2058,8141867,15669860,SSSLOHO
2059,8141867,15670251,SSSLOHO
2060,8141867,15669857,SSSLOHO
2061,8142419,15669832,SSNRHCO
2062,8142419,15669776,SSNRHCO
2063,8142419,7624792,SSNRHCO
2064,8142419,15669764,SSNRHCO
2065,8142419,15669771,SSNRHCO
2066,8143429,15668381,SWNRSWS
2067,8143429,15668688,SWNRSWS
2068,8143429,15668460,SWNRSWS
2069,8143429,15668379,SWNRSWS
2070,8143429,15669878,SWNRSWS
2071,8143536,15668381,SSSZEOW
2072,8143536,15668688,SSSZEOW
2073,8143536,15668379,SSSZEOW
2074,8143536,15668460,SSSZEOW
2075,8143536,15669878,SSSZEOW
2076,8144965,15668381,SSCHNCE
2077,8144965,15668688,SSCHNCE
2078,8144965,15668379,SSCHNCE
2079,8144965,15668460,SSCHNCE
2080,8144965,15669878,SSCHNCE
2081,8145266,15668381,SWNRHWZ
2082,8145266,15668379,SWNRHWZ
2083,8145266,15668460,SWNRHWZ
2084,8145266,15668688,SWNRHWZ
2085,8145266,15669878,SWNRHWZ
2086,8145688,15668381,SSSHCLH
2087,8145688,15668688,SSSHCLH
2088,8145688,15668379,SSSHCLH
2089,8145688,15669878,SSSHCLH
2090,8145688,15669780,SSSHCLH
2091,8146703,15668688,SSOHWLN
2092,8146703,15668460,SSOHWLN
2093,8146703,15668381,SSOHWLN
2094,8146703,15669878,SSOHWLN
2095,8146703,15668467,SSOHWLN
2096,8148898,15668381,SWOREWH
2097,8148898,15668460,SWOREWH
2098,8148898,15668379,SWOREWH
2099,8148898,15668688,SWOREWH
2100,8148898,15669878,SWOREWH
2101,8149114,15669870,SSLLREN
2102,8149114,15669872,SSLLREN
2103,8149114,15669857,SSLLREN
2104,8149114,15669863,SSLLREN
2105,8149114,15669781,SSLLREN
2106,8149245,15668381,SSWELWZ
2107,8149245,15668688,SSWELWZ
2108,8149245,15668379,SSWELWZ
2109,8149245,15668460,SSWELWZ
2110,8149245,15669878,SSWELWZ
2111,8150141,15668381,SWHHSNW
2112,8150141,15668460,SWHHSNW
2113,8150141,15668688,SWHHSNW
2114,8150141,15668379,SWHHSNW
2115,8150141,15669878,SWHHSNW
2116,8150875,15668381,SWOSOHE
2117,8150875,15668688,SWOSOHE
2118,8150875,15668379,SWOSOHE
2119,8150875,15668460,SWOSOHE
2120,8150875,15669878,SWOSOHE
2121,8151550,15669863,SWECZOC
2122,8151550,15669857,SWECZOC
2123,8151550,15668451,SWECZOC
2124,8151550,15669870,SWECZOC
2125,8151550,15669821,SWECZOC
2126,8152370,15669878,SSONRWS
2127,8152370,15668467,SSONRWS
2128,8152370,15669764,SSONRWS
2129,8152370,15669863,SSONRWS
2130,8152370,15668468,SSONRWS
2131,8152500,15668381,SSZWRWL
2132,8152500,15668460,SSZWRWL
2133,8152500,15668688,SSZWRWL
2134,8152500,15669878,SSZWRWL
2135,8152500,15668379,SSZWRWL
2136,8152823,15668381,SWEONLR
2137,8152823,15668688,SWEONLR
2138,8152823,15668379,SWEONLR
2139,8152823,15669878,SWEONLR
2140,8152823,15668460,SWEONLR
2141,8153266,15669771,SSZLEOL
2142,8153266,15669857,SSZLEOL
2143,8153266,15669781,SSZLEOL
2144,8153266,15668379,SSZLEOL
2145,8153266,15669832,SSZLEOL
2146,8153361,15668381,SWHEEOS
2147,8153361,15668379,SWHEEOS
2148,8153361,15668688,SWHEEOS
2149,8153361,15668460,SWHEEOS
2150,8153361,15669878,SWHEEOS
2151,8153963,15668460,SWEWCER
2152,8153963,15668379,SWEWCER
2153,8153963,15669878,SWEWCER
2154,8153963,15669780,SWEWCER
2155,8153963,15668478,SWEWCER
2156,8154900,15668460,SSZSWHS
2157,8154900,15668381,SSZSWHS
2158,8154900,15668379,SSZSWHS
2159,8154900,15669780,SSZSWHS
2160,8154900,15668478,SSZSWHS
2161,8156893,15668460,SSZZLOE
2162,8156893,15668688,SSZZLOE
2163,8156893,15669780,SSZZLOE
2164,8156893,15668381,SSZZLOE
2165,8156893,15669878,SSZZLOE
2166,8156983,15668381,SWONCSR
2167,8156983,15668379,SWONCSR
2168,8156983,15668688,SWONCSR
2169,8156983,15668460,SWONCSR
2170,8156983,15669878,SWONCSR
2171,8157592,15668381,SSZRWON
2172,8157592,15668688,SSZRWON
2173,8157592,15668379,SSZRWON
2174,8157592,15668460,SSZRWON
2175,8157592,15669878,SSZRWON
2176,8158290,15668381,SSWNZEC
2177,8158290,15668379,SSWNZEC
2178,8158290,15668688,SSWNZEC
2179,8158290,15669878,SSWNZEC
2180,8158290,15669780,SSWNZEC
2181,8158818,15668381,SWRLSWR
2182,8158818,15668688,SWRLSWR
2183,8158818,15668460,SWRLSWR
2184,8158818,15668379,SWRLSWR
2185,8158818,15669878,SWRLSWR
2186,8159383,15668460,SWHONHO
2187,8159383,15668688,SWHONHO
2188,8159383,15669878,SWHONHO
2189,8159383,15668381,SWHONHO
2190,8159383,15669780,SWHONHO
2191,8159930,15668688,SWLRHOW
2192,8159930,15669878,SWLRHOW
2193,8159930,15668378,SWLRHOW
2194,8159930,15668381,SWLRHOW
2195,8159930,15669863,SWLRHOW
2196,8162986,15668381,SSSWSNS
2197,8162986,15668688,SSSWSNS
2198,8162986,15668379,SSSWSNS
2199,8162986,15668460,SSSWSNS
2200,8162986,15669878,SSSWSNS
2201,8163444,15668381,SSRCHSH
2202,8163444,15668460,SSRCHSH
2203,8163444,15668688,SSRCHSH
2204,8163444,15668378,SSRCHSH
2205,8163444,15669780,SSRCHSH
2206,8165327,15668688,SSCNHZN
2207,8165327,15668379,SSCNHZN
2208,8165327,15669878,SSCNHZN
2209,8165327,15668460,SSCNHZN
2210,8165327,15668478,SSCNHZN
2211,8166326,15669857,SSLRHNL
2212,8166326,15669776,SSLRHNL
2213,8166326,15668379,SSLRHNL
2214,8166326,15668460,SSLRHNL
2215,8166326,15669771,SSLRHNL
2216,8166910,15669781,SSZHCSO
2217,8166910,15669818,SSZHCSO
2218,8166910,15668688,SSZHCSO
2219,8166910,15669771,SSZHCSO
2220,8166910,15669870,SSZHCSO
2221,8169684,15668381,SWLCCWC
2222,8169684,15668688,SWLCCWC
2223,8169684,15669878,SWLCCWC
2224,8169684,15668460,SWLCCWC
2225,8169684,15668379,SWLCCWC
2226,8170027,15668381,SWERWCW
2227,8170027,15668460,SWERWCW
2228,8170027,15668379,SWERWCW
2229,8170027,15669878,SWERWCW
2230,8170027,15668688,SWERWCW
2231,8170383,15668381,SSRRSOZ
2232,8170383,15668460,SSRRSOZ
2233,8170383,15668688,SSRRSOZ
2234,8170383,15668379,SSRRSOZ
2235,8170383,15669878,SSRRSOZ
2236,8172528,15668460,SSZWSNR
2237,8172528,15668688,SSZWSNR
2238,8172528,15669878,SSZWSNR
2239,8172528,15669780,SSZWSNR
2240,8172528,15668467,SSZWSNR
2241,8172842,15668381,SWLERES
2242,8172842,15668688,SWLERES
2243,8172842,15668460,SWLERES
2244,8172842,15669878,SWLERES
2245,8172842,15668379,SWLERES
2246,8173709,15668381,SSCRHLH
2247,8173709,15668688,SSCRHLH
2248,8173709,15669878,SSCRHLH
2249,8173709,15668460,SSCRHLH
2250,8173709,15668379,SSCRHLH
2251,8176127,15668381,SWNLWHR
2252,8176127,15668688,SWNLWHR
2253,8176127,15668460,SWNLWHR
2254,8176127,15669878,SWNLWHR
2255,8176127,15668379,SWNLWHR
2256,8176714,15668381,SSWLSWS
2257,8176714,15668460,SSWLSWS
2258,8176714,15669878,SSWLSWS
2259,8176714,15668379,SSWLSWS
2260,8176714,15668688,SSWLSWS
2261,8176873,15669771,SWHHREO
2262,8176873,15669870,SWHHREO
2263,8176873,15669832,SWHHREO
2264,8176873,15669781,SWHHREO
2265,8176873,7624792,SWHHREO
2266,8177589,15668381,SSOSHZS
2267,8177589,15668688,SSOSHZS
2268,8177589,15668460,SSOSHZS
2269,8177589,15669878,SSOSHZS
2270,8177589,15668379,SSOSHZS
2271,8179077,15668381,SSONEOS
2272,8179077,15668688,SSONEOS
2273,8179077,15668379,SSONEOS
2274,8179077,15668460,SSONEOS
2275,8179077,15669878,SSONEOS
2276,8179797,15668688,SWCECSR
2277,8179797,15668460,SWCECSR
2278,8179797,15669878,SWCECSR
2279,8179797,15669780,SWCECSR
2280,8179797,15668378,SWCECSR
2281,8179947,15669878,SWOCELW
2282,8179947,15668688,SWOCELW
2283,8179947,15669780,SWOCELW
2284,8179947,15668378,SWOCELW
2285,8179947,15668381,SWOCELW
2286,8180759,15668381,SSWWLCZ
2287,8180759,15668460,SSWWLCZ
2288,8180759,15668688,SSWWLCZ
2289,8180759,15668379,SSWWLCZ
2290,8180759,15669878,SSWWLCZ
2291,8181093,15668381,SSRHSRW
2292,8181093,15668688,SSRHSRW
2293,8181093,15668460,SSRHSRW
2294,8181093,15669878,SSRHSRW
2295,8181093,15668379,SSRHSRW
2296,8182610,15669777,SSERNHC
2297,8182610,15669760,SSERNHC
2298,8182610,15669860,SSERNHC
2299,8182610,15669832,SSERNHC
2300,8182610,15669878,SSERNHC
2301,8182845,15668381,SWHOOOO
2302,8182845,15669878,SWHOOOO
2303,8182845,15668460,SWHOOOO
2304,8182845,15668379,SWHOOOO
2305,8182845,15669780,SWHOOOO
2306,8183211,15668688,SSCNLEC
2307,8183211,15668379,SSCNLEC
2308,8183211,15668460,SSCNLEC
2309,8183211,15669878,SSCNLEC
2310,8183211,15669780,SSCNLEC
2311,8188075,15668460,SSLSZNC
2312,8188075,15669878,SSLSZNC
2313,8188075,15668381,SSLSZNC
2314,8188075,15668688,SSLSZNC
2315,8188075,15668379,SSLSZNC
2316,8189678,15668381,SWHRCNL
2317,8189678,15668379,SWHRCNL
2318,8189678,15669878,SWHRCNL
2319,8189678,15668688,SWHRCNL
2320,8189678,15668460,SWHRCNL
2321,8190023,15668688,SSRHCRS
2322,8190023,15669878,SSRHCRS
2323,8190023,15669869,SSRHCRS
2324,8190023,15669764,SSRHCRS
2325,8190023,15669856,SSRHCRS
2326,8191090,15668381,SSWNLNH
2327,8191090,15668688,SSWNLNH
2328,8191090,15668460,SSWNLNH
2329,8191090,15669878,SSWNLNH
2330,8191090,15669780,SSWNLNH
2331,8191841,15668381,SWLWCHH
2332,8191841,15668460,SWLWCHH
2333,8191841,15668688,SWLWCHH
2334,8191841,15668379,SWLWCHH
2335,8191841,15669878,SWLWCHH
2336,8192504,15668381,SWESLWC
2337,8192504,15668688,SWESLWC
2338,8192504,15669878,SWESLWC
2339,8192504,15668460,SWESLWC
2340,8192504,15668379,SWESLWC
2341,8192688,15668379,SSZLWLC
2342,8192688,15668381,SSZLWLC
2343,8192688,15668460,SSZLWLC
2344,8192688,15669878,SSZLWLC
2345,8192688,15668688,SSZLWLC
2346,8192768,15668460,SSNWCSH
2347,8192768,15668379,SSNWCSH
2348,8192768,15669878,SSNWCSH
2349,8192768,15668381,SSNWCSH
2350,8192768,15668688,SSNWCSH
2351,8192783,15668381,SSNZEHL
2352,8192783,15668688,SSNZEHL
2353,8192783,15668379,SSNZEHL
2354,8192783,15669878,SSNZEHL
2355,8192783,15668460,SSNZEHL
2356,8193965,15668381,SWLWNLC
2357,8193965,15668688,SWLWNLC
2358,8193965,15668460,SWLWNLC
2359,8193965,15668379,SWLWNLC
2360,8193965,15669878,SWLWNLC
2361,8194178,15669857,SWOOLLE
2362,8194178,15669781,SWOOLLE
2363,8194178,15669818,SWOOLLE
2364,8194178,15669870,SWOOLLE
2365,8194178,15669814,SWOOLLE
2366,8195870,15668381,SSLLZCO
2367,8195870,15668460,SSLLZCO
2368,8195870,15668688,SSLLZCO
2369,8195870,15669878,SSLLZCO
2370,8195870,15669780,SSLLZCO
2371,8195898,15669814,SSCLLWS
2372,8195898,15669870,SSCLLWS
2373,8195898,15669771,SSCLLWS
2374,8195898,15668381,SSCLLWS
2375,8195898,15669781,SSCLLWS
2376,8195996,15668381,SWCOWRR
2377,8195996,15668688,SWCOWRR
2378,8195996,15668379,SWCOWRR
2379,8195996,15668460,SWCOWRR
2380,8195996,15669878,SWCOWRR
2381,8198030,15669857,SSSCCOE
2382,8198030,15669870,SSSCCOE
2383,8198030,15670251,SSSCCOE
2384,8198030,15669832,SSSCCOE
2385,8198030,15669771,SSSCCOE
2386,8198721,15668381,SWCLHHO
2387,8198721,15668460,SWCLHHO
2388,8198721,15668688,SWCLHHO
2389,8198721,15668379,SWCLHHO
2390,8198721,15669878,SWCLHHO
2391,8199996,15668460,SWRHNSN
2392,8199996,15668688,SWRHNSN
2393,8199996,15668381,SWRHNSN
2394,8199996,15669878,SWRHNSN
2395,8199996,15669780,SWRHNSN
2396,8200309,15668381,SWOORON
2397,8200309,15668379,SWOORON
2398,8200309,15668688,SWOORON
2399,8200309,15668460,SWOORON
2400,8200309,15669878,SWOORON
2401,8201012,15669857,SSLLWWZ
2402,8201012,15669878,SSLLWWZ
2403,8201012,15669781,SSLLWWZ
2404,8201012,15669775,SSLLWWZ
2405,8201012,15669832,SSLLWWZ
2406,8201626,15668381,SSNHNOE
2407,8201626,15668688,SSNHNOE
2408,8201626,15668460,SSNHNOE
2409,8201626,15669878,SSNHNOE
2410,8201626,15668379,SSNHNOE
2411,8202458,15668381,SSRCRSO
2412,8202458,15668688,SSRCRSO
2413,8202458,15668460,SSRCRSO
2414,8202458,15669878,SSRCRSO
2415,8202458,15669780,SSRCRSO
2416,8203156,15669760,SSWNOEH
2417,8203156,15669863,SSWNOEH
2418,8203156,15669832,SSWNOEH
2419,8203156,15669764,SSWNOEH
2420,8203156,15668462,SSWNOEH
2421,8204185,15668381,SSRZHCC
2422,8204185,15668688,SSRZHCC
2423,8204185,15668379,SSRZHCC
2424,8204185,15668460,SSRZHCC
2425,8204185,15669878,SSRZHCC
2426,8204496,15668381,SSZHOEE
2427,8204496,15668688,SSZHOEE
2428,8204496,15669878,SSZHOEE
2429,8204496,15668460,SSZHOEE
2430,8204496,15668467,SSZHOEE
2431,8205042,15668381,SSSNESR
2432,8205042,15668688,SSSNESR
2433,8205042,15668379,SSSNESR
2434,8205042,15668460,SSSNESR
2435,8205042,15669878,SSSNESR
2436,8205178,15668381,SSWEZCZ
2437,8205178,15668460,SSWEZCZ
2438,8205178,15668688,SSWEZCZ
2439,8205178,15669878,SSWEZCZ
2440,8205178,15668379,SSWEZCZ
2441,8206519,15668381,SWORZLW
2442,8206519,15668688,SWORZLW
2443,8206519,15668460,SWORZLW
2444,8206519,15668379,SWORZLW
2445,8206519,15669878,SWORZLW
2446,8209386,15668381,SSCRSZS
2447,8209386,15668688,SSCRSZS
2448,8209386,15668460,SSCRSZS
2449,8209386,15668379,SSCRSZS
2450,8209386,15669878,SSCRSZS
2451,8209695,15668381,SWOESOR
2452,8209695,15668460,SWOESOR
2453,8209695,15668688,SWOESOR
2454,8209695,15668379,SWOESOR
2455,8209695,15669878,SWOESOR
2456,8209866,15668381,SSOELRH
2457,8209866,15668688,SSOELRH
2458,8209866,15668460,SSOELRH
2459,8209866,15669878,SSOELRH
2460,8209866,15668379,SSOELRH
2461,8210933,15668381,SSWCZOC
2462,8210933,15668688,SSWCZOC
2463,8210933,15668460,SSWCZOC
2464,8210933,15668379,SSWCZOC
2465,8210933,15669878,SSWCZOC
2466,8212584,15668381,SWEHLLO
2467,8212584,15668688,SWEHLLO
2468,8212584,15668379,SWEHLLO
2469,8212584,15668460,SWEHLLO
2470,8212584,15669878,SWEHLLO
2471,8213552,15668381,SWRHRHL
2472,8213552,15668688,SWRHRHL
2473,8213552,15669878,SWRHRHL
2474,8213552,15669780,SWRHRHL
2475,8213552,15668379,SWRHRHL
2476,8213861,15668381,SSZCRCO
2477,8213861,15668460,SSZCRCO
2478,8213861,15668379,SSZCRCO
2479,8213861,15669878,SSZCRCO
2480,8213861,15668688,SSZCRCO
2481,8213907,15668381,SSNZRZN
2482,8213907,15668688,SSNZRZN
2483,8213907,15668460,SSNZRZN
2484,8213907,15668379,SSNZRZN
2485,8213907,15669878,SSNZRZN
2486,8214422,15669878,SWHCOOW
2487,8214422,15668460,SWHCOOW
2488,8214422,15669869,SWHCOOW
2489,8214422,15669863,SWHCOOW
2490,8214422,15668378,SWHCOOW
2491,8215172,15668381,SWNLHOO
2492,8215172,15668688,SWNLHOO
2493,8215172,15668379,SWNLHOO
2494,8215172,15668460,SWNLHOO
2495,8215172,15669878,SWNLHOO
2496,8216673,15668381,SSRWWCE
2497,8216673,15668688,SSRWWCE
2498,8216673,15668379,SSRWWCE
2499,8216673,15668460,SSRWWCE
2500,8216673,15669878,SSRWWCE
2501,8218184,15668381,SWHLRZO
2502,8218184,15668379,SWHLRZO
2503,8218184,15668688,SWHLRZO
2504,8218184,15668460,SWHLRZO
2505,8218184,15669878,SWHLRZO
2506,8218426,15669863,SWOOHLC
2507,8218426,15668381,SWOOHLC
2508,8218426,15668460,SWOOHLC
2509,8218426,15668688,SWOOHLC
2510,8218426,15669767,SWOOHLC
2511,8219465,15668381,SSNSCNE
2512,8219465,15668688,SSNSCNE
2513,8219465,15668379,SSNSCNE
2514,8219465,15668460,SSNSCNE
2515,8219465,15669878,SSNSCNE
2516,8220172,15669781,SSLOZSC
2517,8220172,15669771,SSLOZSC
2518,8220172,15669857,SSLOZSC
2519,8220172,7624792,SSLOZSC
2520,8220172,15669814,SSLOZSC
2521,8223433,15669878,SSZNOWR
2522,8223433,15669880,SSZNOWR
2523,8223433,15669863,SSZNOWR
2524,8223433,15668460,SSZNOWR
2525,8223433,15668379,SSZNOWR
2526,8226177,15668381,SWHONHS
2527,8226177,15668688,SWHONHS
2528,8226177,15669780,SWHONHS
2529,8226177,15668460,SWHONHS
2530,8226177,15668379,SWHONHS
2531,8226188,15668381,SWRCEHH
2532,8226188,15668688,SWRCEHH
2533,8226188,15668379,SWRCEHH
2534,8226188,15668460,SWRCEHH
2535,8226188,15669780,SWRCEHH
2536,8226852,15668381,SWRCCCC
2537,8226852,15668460,SWRCCCC
2538,8226852,15668688,SWRCCCC
2539,8226852,15668379,SWRCCCC
2540,8226852,15669878,SWRCCCC
2541,8226887,15668688,SSLZROW
2542,8226887,15669878,SSLZROW
2543,8226887,15669780,SSLZROW
2544,8226887,15668378,SSLZROW
2545,8226887,15668467,SSLZROW
2546,8227029,15668381,SSZNOHH
2547,8227029,15668460,SSZNOHH
2548,8227029,15669878,SSZNOHH
2549,8227029,15668379,SSZNOHH
2550,8227029,15668688,SSZNOHH
2551,8227204,15668688,SWNSEHW
2552,8227204,15669878,SWNSEHW
2553,8227204,15668379,SWNSEHW
2554,8227204,15668460,SWNSEHW
2555,8227204,15668467,SWNSEHW
2556,8228490,15668381,SWOWELS
2557,8228490,15668688,SWOWELS
2558,8228490,15668379,SWOWELS
2559,8228490,15668460,SWOWELS
2560,8228490,15669878,SWOWELS
2561,8228587,15668379,SSNCZRL
2562,8228587,15668460,SSNCZRL
2563,8228587,15668688,SSNCZRL
2564,8228587,15669878,SSNCZRL
2565,8228587,15668378,SSNCZRL
2566,8230221,15668381,SSNLCOZ
2567,8230221,15668460,SSNLCOZ
2568,8230221,15668688,SSNLCOZ
2569,8230221,15668379,SSNLCOZ
2570,8230221,15669878,SSNLCOZ
2571,8230241,15668381,SWCCZRH
2572,8230241,15668688,SWCCZRH
2573,8230241,15668460,SWCCZRH
2574,8230241,15669878,SWCCZRH
2575,8230241,15668379,SWCCZRH
2576,8230690,15668381,SSWREEE
2577,8230690,15668688,SSWREEE
2578,8230690,15668379,SSWREEE
2579,8230690,15668460,SSWREEE
2580,8230690,15669878,SSWREEE
2581,8232216,15668381,SSSLEZO
2582,8232216,15668688,SSSLEZO
2583,8232216,15668460,SSSLEZO
2584,8232216,15668379,SSSLEZO
2585,8232216,15669878,SSSLEZO
2586,8236542,15668688,SSZEWNH
2587,8236542,15669878,SSZEWNH
2588,8236542,15669780,SSZEWNH
2589,8236542,15668467,SSZEWNH
2590,8236542,15668378,SSZEWNH
2591,8236676,15668381,SSSNHRZ
2592,8236676,15668688,SSSNHRZ
2593,8236676,15668460,SSSNHRZ
2594,8236676,15668379,SSSNHRZ
2595,8236676,15669878,SSSNHRZ
2596,8237822,15668460,SSNZCOL
2597,8237822,15668688,SSNZCOL
2598,8237822,15669878,SSNZCOL
2599,8237822,15668378,SSNZCOL
2600,8237822,15668467,SSNZCOL
2601,8241466,15668688,SWCLCLW
2602,8241466,15668381,SWCLCLW
2603,8241466,15669780,SWCLCLW
2604,8241466,15668467,SWCLCLW
2605,8241466,15668378,SWCLCLW
2606,8243363,15668381,SSZLNCH
2607,8243363,15668460,SSZLNCH
2608,8243363,15668688,SSZLNCH
2609,8243363,15669878,SSZLNCH
2610,8243363,15668379,SSZLNCH
2611,8245100,15668381,SSCLWOR
2612,8245100,15669863,SSCLWOR
2613,8245100,15669760,SSCLWOR
2614,8245100,15668460,SSCLWOR
2615,8245100,15668379,SSCLWOR
2616,8245697,15668381,SSWCEEO
2617,8245697,15668688,SSWCEEO
2618,8245697,15668460,SSWCEEO
2619,8245697,15668379,SSWCEEO
2620,8245697,15669878,SSWCEEO
2621,8246331,15668381,SWHLESR
2622,8246331,15668688,SWHLESR
2623,8246331,15668460,SWHLESR
2624,8246331,15668379,SWHLESR
2625,8246331,15669878,SWHLESR
2626,8246335,15668381,SSWOWLE
2627,8246335,15668688,SSWOWLE
2628,8246335,15669878,SSWOWLE
2629,8246335,15668460,SSWOWLE
2630,8246335,15669780,SSWOWLE
2631,8247009,15668688,SWOWWLL
2632,8247009,15668381,SWOWWLL
2633,8247009,15668460,SWOWWLL
2634,8247009,15669878,SWOWWLL
2635,8247009,15668379,SWOWWLL
2636,8247161,15668381,SWONLWN
2637,8247161,15668379,SWONLWN
2638,8247161,15668460,SWONLWN
2639,8247161,15668688,SWONLWN
2640,8247161,15669878,SWONLWN
2641,8247472,15668688,SSRRCCE
2642,8247472,15668460,SSRRCCE
2643,8247472,15669878,SSRRCCE
2644,8247472,15668379,SSRRCCE
2645,8247472,15669780,SSRRCCE
2646,8249884,15668379,SWLOHSW
2647,8249884,15668460,SWLOHSW
2648,8249884,15668381,SWLOHSW
2649,8249884,15668688,SWLOHSW
2650,8249884,15669878,SWLOHSW
2651,8250106,15668381,SSWHRZZ
2652,8250106,15668460,SSWHRZZ
2653,8250106,15669777,SSWHRZZ
2654,8250106,15668688,SSWHRZZ
2655,8250106,15668465,SSWHRZZ
2656,8250969,15668688,SWRHWEH
2657,8250969,15669878,SWRHWEH
2658,8250969,15668460,SWRHWEH
2659,8250969,15669863,SWRHWEH
2660,8250969,15669764,SWRHWEH
2661,8253846,15668460,SWECOEO
2662,8253846,15669832,SWECOEO
2663,8253846,15669777,SWECOEO
2664,8253846,15669760,SWECOEO
2665,8253846,15669863,SWECOEO
2666,8254821,15668688,SWNHEEW
2667,8254821,15669878,SWNHEEW
2668,8254821,15668381,SWNHEEW
2669,8254821,15669863,SWNHEEW
2670,8254821,15668468,SWNHEEW
2671,8255466,15668460,SSWWZNR
2672,8255466,15668688,SSWWZNR
2673,8255466,15669878,SSWWZNR
2674,8255466,15669780,SSWWZNR
2675,8255466,15668378,SSWWZNR
2676,8256932,15668381,SWORCOW
2677,8256932,15668460,SWORCOW
2678,8256932,15668688,SWORCOW
2679,8256932,15669878,SWORCOW
2680,8256932,15668379,SWORCOW
2681,8256944,15668688,SSSZCHS
2682,8256944,15668379,SSSZCHS
2683,8256944,15668460,SSSZCHS
2684,8256944,15668381,SSSZCHS
2685,8256944,15669878,SSSZCHS
2686,8256966,15668381,SSNNSRR
2687,8256966,15668379,SSNNSRR
2688,8256966,15668460,SSNNSRR
2689,8256966,15669878,SSNNSRR
2690,8256966,15668688,SSNNSRR
2691,8258691,15668688,SSZNWWS
2692,8258691,15668381,SSZNWWS
2693,8258691,15668460,SSZNWWS
2694,8258691,15668379,SSZNWWS
2695,8258691,15669878,SSZNWWS
2696,8261883,15668381,SWENCOC
2697,8261883,15668688,SWENCOC
2698,8261883,15668460,SWENCOC
2699,8261883,15668379,SWENCOC
2700,8261883,15669878,SWENCOC
2701,8262498,15668381,SWRHZSH
2702,8262498,15668379,SWRHZSH
2703,8262498,15668688,SWRHZSH
2704,8262498,15669760,SWRHZSH
2705,8262498,15668467,SWRHZSH
2706,8263472,15668688,SSLSWRE
2707,8263472,15669878,SSLSWRE
2708,8263472,15668381,SSLSWRE
2709,8263472,15669863,SSLSWRE
2710,8263472,15669869,SSLSWRE
2711,8265380,15669781,SSRWONW
2712,8265380,15669870,SSRWONW
2713,8265380,15669760,SSRWONW
2714,8265380,15669878,SSRWONW
2715,8265380,15668594,SSRWONW
2716,8265392,15668688,SWCCSEN
2717,8265392,15668379,SWCCSEN
2718,8265392,15668381,SWCCSEN
2719,8265392,15669878,SWCCSEN
2720,8265392,15668460,SWCCSEN
2721,8265546,15668381,SWNCLZZ
2722,8265546,15669878,SWNCLZZ
2723,8265546,15668460,SWNCLZZ
2724,8265546,15668688,SWNCLZZ
2725,8265546,15668379,SWNCLZZ
2726,8268096,15669863,SWCWNCO
2727,8268096,7624792,SWCWNCO
2728,8268096,15669870,SWCWNCO
2729,8268096,15668451,SWCWNCO
2730,8268096,15669872,SWCWNCO
2731,8268678,15668381,SSWNEHR
2732,8268678,15668688,SSWNEHR
2733,8268678,15669878,SSWNEHR
2734,8268678,15669780,SSWNEHR
2735,8268678,15668379,SSWNEHR
2736,8269031,15668460,SWRLHOS
2737,8269031,15669878,SWRLHOS
2738,8269031,15668379,SWRLHOS
2739,8269031,15668467,SWRLHOS
2740,8269031,15669780,SWRLHOS
2741,8269205,15668381,SSNOOZL
2742,8269205,15668688,SSNOOZL
2743,8269205,15668460,SSNOOZL
2744,8269205,15669878,SSNOOZL
2745,8269205,15669780,SSNOOZL
2746,8269393,15668381,SSSCNRE
2747,8269393,15668460,SSSCNRE
2748,8269393,15668688,SSSCNRE
2749,8269393,15669878,SSSCNRE
2750,8269393,15668379,SSSCNRE
2751,8269483,15668381,SSNERHE
2752,8269483,15668688,SSNERHE
2753,8269483,15668379,SSNERHE
2754,8269483,15669878,SSNERHE
2755,8269483,15668460,SSNERHE
2756,8269882,15669771,SWNHZNW
2757,8269882,15669870,SWNHZNW
2758,8269882,15669857,SWNHZNW
2759,8269882,15669832,SWNHZNW
2760,8269882,15669781,SWNHZNW
2761,8270508,15669760,SWOCEOZ
2762,8270508,15669832,SWOCEOZ
2763,8270508,15669863,SWOCEOZ
2764,8270508,15669872,SWOCEOZ
2765,8270508,15669767,SWOCEOZ
2766,8271902,15668381,SWRCNLO
2767,8271902,15668460,SWRCNLO
2768,8271902,15668688,SWRCNLO
2769,8271902,15669878,SWRCNLO
2770,8271902,15669780,SWRCNLO
2771,8273082,15668460,SSLOLSS
2772,8273082,15668688,SSLOLSS
2773,8273082,15669878,SSLOLSS
2774,8273082,15669780,SSLOLSS
2775,8273082,15669863,SSLOLSS
2776,8273464,15668381,SWECCLC
2777,8273464,15668688,SWECCLC
2778,8273464,15668379,SWECCLC
2779,8273464,15668460,SWECCLC
2780,8273464,15669878,SWECCLC
2781,8273657,15668381,SWNRZEW
2782,8273657,15668460,SWNRZEW
2783,8273657,15669878,SWNRZEW
2784,8273657,15668379,SWNRZEW
2785,8273657,15668688,SWNRZEW
2786,8273931,15668381,SSZSRHO
2787,8273931,15668688,SSZSRHO
2788,8273931,15668379,SSZSRHO
2789,8273931,15668460,SSZSRHO
2790,8273931,15669878,SSZSRHO
2791,8274447,15668688,SWNNSSH
2792,8274447,15668460,SWNNSSH
2793,8274447,15668381,SWNNSSH
2794,8274447,15669878,SWNNSSH
2795,8274447,15668465,SWNNSSH
2796,8275185,15669781,SWCWSRR
2797,8275185,15669857,SWCWSRR
2798,8275185,15669870,SWCWSRR
2799,8275185,15670251,SWCWSRR
2800,8275185,15669814,SWCWSRR
2801,8275225,15668381,SWHECOO
2802,8275225,15668379,SWHECOO
2803,8275225,15668460,SWHECOO
2804,8275225,15668688,SWHECOO
2805,8275225,15669878,SWHECOO
2806,8276422,15669832,SWEZEOZ
2807,8276422,15669818,SWEZEOZ
2808,8276422,15669857,SWEZEOZ
2809,8276422,15669870,SWEZEOZ
2810,8276422,15669814,SWEZEOZ
2811,8276533,15669870,SWHELSW
2812,8276533,15669760,SWHELSW
2813,8276533,7624792,SWHELSW
2814,8276533,15669776,SWHELSW
2815,8276533,15669814,SWHELSW
2816,8277630,15668460,SWNHZNC
2817,8277630,15668688,SWNHZNC
2818,8277630,15669878,SWNHZNC
2819,8277630,15669780,SWNHZNC
2820,8277630,15668378,SWNHZNC
2821,8279511,15668381,SWNHHRL
2822,8279511,15668379,SWNHHRL
2823,8279511,15668688,SWNHHRL
2824,8279511,15668460,SWNHHRL
2825,8279511,15669878,SWNHHRL
2826,8279743,15668688,SWCCLHS
2827,8279743,15669878,SWCCLHS
2828,8279743,15668460,SWCCLHS
2829,8279743,15668378,SWCCLHS
2830,8279743,15668381,SWCCLHS
2831,8279863,15668381,SWNRHOZ
2832,8279863,15668460,SWNRHOZ
2833,8279863,15668688,SWNRHOZ
2834,8279863,15669878,SWNRHOZ
2835,8279863,15668379,SWNRHOZ
2836,8280275,15668381,SSNOEEZ
2837,8280275,15668688,SSNOEEZ
2838,8280275,15668460,SSNOEEZ
2839,8280275,15668379,SSNOEEZ
2840,8280275,15669878,SSNOEEZ
2841,8282341,15668381,SSRORNN
2842,8282341,15669878,SSRORNN
2843,8282341,15668460,SSRORNN
2844,8282341,15668688,SSRORNN
2845,8282341,15669780,SSRORNN
2846,8282484,15668381,SSSCNCC
2847,8282484,15668688,SSSCNCC
2848,8282484,15668460,SSSCNCC
2849,8282484,15668379,SSSCNCC
2850,8282484,15669878,SSSCNCC
2851,8283042,15668381,SWRHLLZ
2852,8283042,15668379,SWRHLLZ
2853,8283042,15668688,SWRHLLZ
2854,8283042,15668460,SWRHLLZ
2855,8283042,15669878,SWRHLLZ
2856,8283998,15668381,SSLRELN
2857,8283998,15668379,SSLRELN
2858,8283998,15668460,SSLRELN
2859,8283998,15668688,SSLRELN
2860,8283998,15669878,SSLRELN
2861,8284234,15669781,SWEOOOO
2862,8284234,15669870,SWEOOOO
2863,8284234,15668462,SWEOOOO
2864,8284234,15669777,SWEOOOO
2865,8284234,15669878,SWEOOOO
2866,8284427,15668381,SSZLWOS
2867,8284427,15668460,SSZLWOS
2868,8284427,15668688,SSZLWOS
2869,8284427,15668379,SSZLWOS
2870,8284427,15669878,SSZLWOS
2871,8285181,15669878,SSLWWWH
2872,8285181,15668688,SSLWWWH
2873,8285181,15668381,SSLWWWH
2874,8285181,15668460,SSLWWWH
2875,8285181,15669780,SSLWWWH
2876,8285456,15669781,SWLOLLS
2877,8285456,7624792,SWLOLLS
2878,8285456,15668378,SWLOLLS
2879,8285456,15668462,SWLOLLS
2880,8285456,15669777,SWLOLLS
2881,8286457,15668381,SSSNLOO
2882,8286457,15668460,SSSNLOO
2883,8286457,15668379,SSSNLOO
2884,8286457,15669878,SSSNLOO
2885,8286457,15668688,SSSNLOO
2886,8287030,15668381,SWOHOZL
2887,8287030,15668688,SWOHOZL
2888,8287030,15668379,SWOHOZL
2889,8287030,15668460,SWOHOZL
2890,8287030,15669878,SWOHOZL
2891,8287522,15669832,SSWZSSN
2892,8287522,15669777,SSWZSSN
2893,8287522,15669821,SSWZSSN
2894,8287522,15668381,SSWZSSN
2895,8287522,15669872,SSWZSSN
2896,8288803,15668460,SSOEHNL
2897,8288803,15668381,SSOEHNL
2898,8288803,15668379,SSOEHNL
2899,8288803,15668688,SSOEHNL
2900,8288803,15669878,SSOEHNL
2901,8288927,15668460,SSWHOZZ
2902,8288927,15668688,SSWHOZZ
2903,8288927,15668379,SSWHOZZ
2904,8288927,15669878,SSWHOZZ
2905,8288927,15669780,SSWHOZZ
2906,8288966,15668381,SSSRWWN
2907,8288966,15668460,SSSRWWN
2908,8288966,15669780,SSSRWWN
2909,8288966,15668688,SSSRWWN
2910,8288966,15668379,SSSRWWN
2911,8289377,15668381,SSRHCOW
2912,8289377,15669878,SSRHCOW
2913,8289377,15668688,SSRHCOW
2914,8289377,15668460,SSRHCOW
2915,8289377,15668467,SSRHCOW
2916,8289409,15668688,SSZLLCR
2917,8289409,15668460,SSZLLCR
2918,8289409,15668381,SSZLLCR
2919,8289409,15669878,SSZLLCR
2920,8289409,15668379,SSZLLCR
2921,8289460,15668381,SSWHNCO
2922,8289460,15668379,SSWHNCO
2923,8289460,15668688,SSWHNCO
2924,8289460,15668460,SSWHNCO
2925,8289460,15669878,SSWHNCO
2926,8289766,15669878,SSLZROS
2927,8289766,15668460,SSLZROS
2928,8289766,15669863,SSLZROS
2929,8289766,15668688,SSLZROS
2930,8289766,15669760,SSLZROS
2931,8296564,15668381,SWNRCHO
2932,8296564,15668688,SWNRCHO
2933,8296564,15668379,SWNRCHO
2934,8296564,15668460,SWNRCHO
2935,8296564,15669878,SWNRCHO
2936,8304435,15668688,SWOZELS
2937,8304435,15668381,SWOZELS
2938,8304435,15669878,SWOZELS
2939,8304435,15668379,SWOZELS
2940,8304435,15668460,SWOZELS
2941,8308098,15668381,SWCECRN
2942,8308098,15668460,SWCECRN
2943,8308098,15668688,SWCECRN
2944,8308098,15669878,SWCECRN
2945,8308098,15668467,SWCECRN
2946,8309697,15668379,SSWLNWS
2947,8309697,15668381,SSWLNWS
2948,8309697,15668460,SSWLNWS
2949,8309697,15669878,SSWLNWS
2950,8309697,15668688,SSWLNWS
2951,8314193,15668688,SSWECLS
2952,8314193,15668379,SSWECLS
2953,8314193,15668381,SSWECLS
2954,8314193,15669878,SSWECLS
2955,8314193,15668460,SSWECLS
2956,8315583,15669781,SSZRRWR
2957,8315583,15669832,SSZRRWR
2958,8315583,7624792,SSZRRWR
2959,8315583,15669814,SSZRRWR
2960,8315583,15669760,SSZRRWR
2961,8316970,15668381,SWENWSO
2962,8316970,15668460,SWENWSO
2963,8316970,15668688,SWENWSO
2964,8316970,15669878,SWENWSO
2965,8316970,15668379,SWENWSO
2966,8317527,15669781,SSOCCSO
2967,8317527,15669832,SSOCCSO
2968,8317527,15669771,SSOCCSO
2969,8317527,7624792,SSOCCSO
2970,8317527,15669860,SSOCCSO
2971,8320908,15669857,SWHRZHH
2972,8320908,15669776,SWHRZHH
2973,8320908,15668379,SWHRZHH
2974,8320908,15668460,SWHRZHH
2975,8320908,15669771,SWHRZHH
2976,8321717,15668381,SWLOREE
2977,8321717,15668379,SWLOREE
2978,8321717,15668688,SWLOREE
2979,8321717,15669878,SWLOREE
2980,8321717,15669780,SWLOREE
2981,8322799,15669832,SWOCNCN
2982,8322799,15669781,SWOCNCN
2983,8322799,15669771,SWOCNCN
2984,8322799,7624792,SWOCNCN
2985,8322799,15669776,SWOCNCN
2986,8328427,15668381,SWLWNSW
2987,8328427,15668688,SWLWNSW
2988,8328427,15668460,SWLWNSW
2989,8328427,15669878,SWLWNSW
2990,8328427,15669780,SWLWNSW
2991,8330753,15668381,SWLLWOS
2992,8330753,15668460,SWLLWOS
2993,8330753,15668688,SWLLWOS
2994,8330753,15668465,SWLLWOS
2995,8330753,15669880,SWLLWOS
2996,8331278,15668381,SWCEZWH
2997,8331278,15668688,SWCEZWH
2998,8331278,15668379,SWCEZWH
2999,8331278,15669878,SWCEZWH
3000,8331278,15668460,SWCEZWH
3001,8331712,15668381,SSZWOEE
3002,8331712,15668460,SSZWOEE
3003,8331712,15668688,SSZWOEE
3004,8331712,15669780,SSZWOEE
3005,8331712,15669878,SSZWOEE
3006,8333457,15668381,SSZRSZL
3007,8333457,15668460,SSZRSZL
3008,8333457,15668688,SSZRSZL
3009,8333457,15669780,SSZRSZL
3010,8333457,15668379,SSZRSZL
3011,8335367,15668460,SSNNWWW
3012,8335367,15668381,SSNNWWW
3013,8335367,15668688,SSNNWWW
3014,8335367,15669863,SSNNWWW
3015,8335367,15669878,SSNNWWW
3016,8336250,15668688,SSOCCZS
3017,8336250,15668460,SSOCCZS
3018,8336250,15668379,SSOCCZS
3019,8336250,15668381,SSOCCZS
3020,8336250,15669878,SSOCCZS
3021,8336683,15668381,SWNCNOL
3022,8336683,15668460,SWNCNOL
3023,8336683,15668688,SWNCNOL
3024,8336683,15669878,SWNCNOL
3025,8336683,15668379,SWNCNOL
3026,8337624,15668460,SWREHHO
3027,8337624,15668688,SWREHHO
3028,8337624,15668379,SWREHHO
3029,8337624,15669780,SWREHHO
3030,8337624,15669878,SWREHHO
3031,8338252,15668381,SSZSNZN
3032,8338252,15668688,SSZSNZN
3033,8338252,15668460,SSZSNZN
3034,8338252,15669878,SSZSNZN
3035,8338252,15668467,SSZSNZN
3036,8339302,15668381,SSZCOCE
3037,8339302,15668688,SSZCOCE
3038,8339302,15668379,SSZCOCE
3039,8339302,15668460,SSZCOCE
3040,8339302,15669878,SSZCOCE
3041,8339940,15668460,SWLONSR
3042,8339940,15668379,SWLONSR
3043,8339940,15669878,SWLONSR
3044,8339940,15668381,SWLONSR
3045,8339940,15668688,SWLONSR
3046,8341901,15669857,SSRENRS
3047,8341901,7624792,SSRENRS
3048,8341901,15669818,SSRENRS
3049,8341901,15669832,SSRENRS
3050,8341901,15669870,SSRENRS
3051,8342609,15668688,SWLCOHC
3052,8342609,15668460,SWLCOHC
3053,8342609,15668379,SWLCOHC
3054,8342609,15669878,SWLCOHC
3055,8342609,15668381,SWLCOHC
3056,8342762,15668381,SSWZRHL
3057,8342762,15668460,SSWZRHL
3058,8342762,15669878,SSWZRHL
3059,8342762,15668688,SSWZRHL
3060,8342762,15668379,SSWZRHL
3061,8343369,15668381,SSZLHHE
3062,8343369,15668688,SSZLHHE
3063,8343369,15668460,SSZLHHE
3064,8343369,15668379,SSZLHHE
3065,8343369,15669878,SSZLHHE
3066,8344473,15669878,SWHCCEO
3067,8344473,15668688,SWHCCEO
3068,8344473,15668378,SWHCCEO
3069,8344473,15668467,SWHCCEO
3070,8344473,15669863,SWHCCEO
3071,8344961,15668381,SSRZOES
3072,8344961,15668688,SSRZOES
3073,8344961,15668379,SSRZOES
3074,8344961,15668460,SSRZOES
3075,8344961,15669878,SSRZOES
3076,8345860,15669857,SSLLRLL
3077,8345860,15669776,SSLLRLL
3078,8345860,15669771,SSLLRLL
3079,8345860,15669777,SSLLRLL
3080,8345860,15669870,SSLLRLL
3081,8346285,15668381,SWHENWW
3082,8346285,15668460,SWHENWW
3083,8346285,15668688,SWHENWW
3084,8346285,15669878,SWHENWW
3085,8346285,15668379,SWHENWW
3086,8348887,15669857,SWNLNRZ
3087,8348887,15669781,SWNLNRZ
3088,8348887,7624792,SWNLNRZ
3089,8348887,15669870,SWNLNRZ
3090,8348887,15669832,SWNLNRZ
3091,8348918,15668688,SSSSONE
3092,8348918,15668460,SSSSONE
3093,8348918,15669878,SSSSONE
3094,8348918,15668381,SSSSONE
3095,8348918,15669863,SSSSONE
3096,8352430,15668379,SWCEWOZ
3097,8352430,15668381,SWCEWOZ
3098,8352430,15669878,SWCEWOZ
3099,8352430,15668688,SWCEWOZ
3100,8352430,15669780,SWCEWOZ
3101,8352895,15668381,SSRSRSO
3102,8352895,15668688,SSRSRSO
3103,8352895,15668379,SSRSRSO
3104,8352895,15668460,SSRSRSO
3105,8352895,15669878,SSRSRSO
3106,8353022,15668460,SSZWROC
3107,8353022,15669878,SSZWROC
3108,8353022,15668379,SSZWROC
3109,8353022,15668381,SSZWROC
3110,8353022,15668478,SSZWROC
3111,8353451,15668688,SSNOWZE
3112,8353451,15669878,SSNOWZE
3113,8353451,15669780,SSNOWZE
3114,8353451,15668467,SSNOWZE
3115,8353451,15668378,SSNOWZE
3116,8353591,15668381,SSSNZHO
3117,8353591,15668688,SSSNZHO
3118,8353591,15668379,SSSNZHO
3119,8353591,15668460,SSSNZHO
3120,8353591,15669878,SSSNZHO
3121,8353991,15669781,SSNCRLW
3122,8353991,15669771,SSNCRLW
3123,8353991,15669870,SSNCRLW
3124,8353991,15669857,SSNCRLW
3125,8353991,15669878,SSNCRLW
3126,8354716,15668460,SWEEZHL
3127,8354716,15669863,SWEEZHL
3128,8354716,15669869,SWEEZHL
3129,8354716,15669878,SWEEZHL
3130,8354716,15668379,SWEEZHL
3131,8355025,15668381,SWOCHZL
3132,8355025,15668460,SWOCHZL
3133,8355025,15668688,SWOCHZL
3134,8355025,15668379,SWOCHZL
3135,8355025,15669878,SWOCHZL
3136,8355249,15668381,SSNENRR
3137,8355249,15668688,SSNENRR
3138,8355249,15669878,SSNENRR
3139,8355249,15669780,SSNENRR
3140,8355249,15668460,SSNENRR
3141,8355842,15668381,SWOEOCZ
3142,8355842,15668688,SWOEOCZ
3143,8355842,15668379,SWOEOCZ
3144,8355842,15669878,SWOEOCZ
3145,8355842,15668460,SWOEOCZ
3146,8356240,15668460,SWHNLCN
3147,8356240,15669878,SWHNLCN
3148,8356240,15668381,SWHNLCN
3149,8356240,15668379,SWHNLCN
3150,8356240,15668688,SWHNLCN
3151,8356860,15668381,SWOSECL
3152,8356860,15668688,SWOSECL
3153,8356860,15668379,SWOSECL
3154,8356860,15668460,SWOSECL
3155,8356860,15669878,SWOSECL
3156,8362837,15668381,SWLSCOZ
3157,8362837,15668688,SWLSCOZ
3158,8362837,15668379,SWLSCOZ
3159,8362837,15668460,SWLSCOZ
3160,8362837,15669878,SWLSCOZ
3161,8374672,15669863,SWNZWNZ
3162,8374672,15669777,SWNZWNZ
3163,8374672,15669864,SWNZWNZ
3164,8374672,15668688,SWNZWNZ
3165,8374672,15669832,SWNZWNZ
3166,8378408,15668460,SSWLNRZ
3167,8378408,15668688,SSWLNRZ
3168,8378408,15669878,SSWLNRZ
3169,8378408,15669780,SSWLNRZ
3170,8378408,15668467,SSWLNRZ
3171,8380659,15668381,SWENOEW
3172,8380659,15668688,SWENOEW
3173,8380659,15668460,SWENOEW
3174,8380659,15669878,SWENOEW
3175,8380659,15668379,SWENOEW
3176,8383377,15668381,SWNZWRC
3177,8383377,15668688,SWNZWRC
3178,8383377,15669760,SWNZWRC
3179,8383377,15668460,SWNZWRC
3180,8383377,15669821,SWNZWRC
3181,8384422,15668381,SSWNRHC
3182,8384422,15668688,SSWNRHC
3183,8384422,15668460,SSWNRHC
3184,8384422,15669878,SSWNRHC
3185,8384422,15668379,SSWNRHC
3186,8385399,15669772,SSZHOER
3187,8385399,15669863,SSZHOER
3188,8385399,15669777,SSZHOER
3189,8385399,15669760,SSZHOER
3190,8385399,15669864,SSZHOER
